Datum;Zulauf: Zulauf KA (Abwassermenge pro Tag) in m³;Zulauf: CSB (Maß für Summe aller organischer Berbindungen) in mg/l;Zulauf: BSB (Maß für Sauerstoffbedarf für biologischen Abbau) in mg/l;Zulauf: Phosphor in mg/l;Zulauf: Gebundener Stickstoff in mg/l;Zulauf: Ammoniumstickstroff in mg/l;Ablauf: KA (zeitl. Verschiebung durch Aufenthaltsdauer) in m³;Ablauf: CSB (Maß für Summe aller organischer Berbindungen) in mg/l;Ablauf: BSB (Maß für Sauerstoffbedarf für biologischen Abbau) in mg/l;Ablauf: Phosphor in mg/l;Ablauf: Gebundener Stickstoff in mg/l;Ablauf: Ammoniumstickstroff in mg/l;Entsorgte Schlammmenge in t;TS-Gehalt entwässerten Schlammes in %;Grenzwert für CSB (Maß für Summe aller organischer Berbindungen) in mg/l;Grenzwert für BSB (Maß für Sauerstoffbedarf für biologischen Abbau) in mg/l;Grenzwert für Phosphor in mg/l;Grenzwert für Gebundener Stickstoff in mg/l;Grenzwert für Ammoniumstickstroff in mg/l;Fremdbezug in kwh;BHKW_Erzeugung in kwh;BHKW_Einspeisung in kwh;Verbrauch KA in kwh;Durchfluß Gasanfall im FB in m³/h;Abgang Schlamm/NKB Wirkleistung des 3 Phasennetzes;Abgang Belebung Wirkleistung des 3 Phasennetzes;Abgang Rechen Wirkleistung des 3 Phasennetzes;Abgang Schlammentwässerung  Wirkleistung des 3 Phasennetzes;Wirkleistung Brauchwasser;BB1 - Trockensub.;BB2 - Trockensub.;BB3 - Trockensub.;Druck Luftleitung zum Becken 1;Druck Luftleitung zum Becken 2;Druck Luftleitung zum Becken 3;Durchfluß Luftleitung Gebläse 1-2;Durchfluß Luftleitung Gebläse 3-4;Durchfluß Luftleitung Gebläse 5-6;Durchfluß RLS von NKB;Schlamm zum ÜSS-Eindicker;Primärschlamm zum Faulbehälter;Schlamm zum ÜSS-Eindicker;Fett gesamt in m³
01.01.2016;7505;742;;;;;7477;;;;;;;20,8;90;20;10;18;2;;;;;1634,27;699,75;1895;351,25;47,25;12,9;3,87;3,88;3,5;533,04;530,32;538,07;1171,59;599,25;414,52;;430;38,4;430;0
02.01.2016;8209;704;;;;;8190;;;;;;;20,8;90;20;10;18;2;;;;;1571,65;670;2043;464,75;47,5;13,3;3,92;3,6;3,33;548,79;544,2;551,17;1176,19;686,36;643,67;;432;37,5;432;0
03.01.2016;8364;1154;;;;;8107;;;;;;;20,8;90;20;10;18;2;;;;;1530,45;670,75;2128;669,25;48;13,4;3,77;3,65;3,31;554,01;549,3;556,47;1279,32;715,1;630,58;;430;37,7;430;0
04.01.2016;8780;613;316;;68;;8749;43,6;4,4;0,007;5,78;1,36;14,06;20,8;90;20;10;18;2;;;;;1509,31;718,75;2270,5;662,5;347,5;19,1;3,78;3,64;3,15;534,53;532,01;540,12;1367,41;783,92;522,14;;432;36,9;432;6,4
05.01.2016;8335;785;;;;;8133;;;;;;22,86;20,8;90;20;10;18;2;;;;;1547,47;739;2143,25;645,25;360;20,7;3,99;3,64;3,29;551,16;546,6;553,61;1147,56;763,11;599,23;;430,2;41,6;430,2;2,6
06.01.2016;8684;749;;8,3;;49,4;8570;;;;;;;20,8;90;20;10;18;2;;;;;1460,67;722;2207,5;654,75;137;20,4;3,7;3,55;3,28;557,87;553,01;560,27;1140,93;812,7;641,91;;432;41,5;432;3,2
07.01.2016;8482;767;;;;;8329;;;0,079;6,96;1,32;13,32;20,8;90;20;10;18;2;;;;;1424,06;726,75;2101;641,75;345,5;20,8;3,88;3,61;3,24;534,73;532,62;540,68;1042,04;817,11;517,16;;429,9;42,2;429,9;0
08.01.2016;11777;1087;;;;;11546;;;;;;14,16;20,8;90;20;10;18;2;;;;;1649,57;715,25;2577,25;410,75;263,5;24,1;3,89;3,66;3,27;553,34;549,41;556,52;1358,53;884,27;733,01;;432;40,8;432;10,2
09.01.2016;8754;745;;;;;8738;;;;;;;20,8;90;20;10;18;2;;;;;1660,64;697,75;2421,25;496,5;80,5;18;3,76;3,51;3,21;557,02;552,65;559,88;1309,52;923,88;703,58;;429,9;41,9;429,9;0
10.01.2016;9404;1172;;;;;9133;;;;;;;20,8;90;20;10;18;2;;;;;1531,81;683;2473;390,75;79,75;12,5;3,66;3,51;3,32;541,24;538,57;546,45;1432,57;935,07;687,37;;432;40,7;432;0
11.01.2016;14519;864;;;62;;14239;41,9;6,2;0,853;6,2;1,24;14,42;20,8;90;20;10;18;2;;;;;1581,33;725,5;2601,25;358,25;297,75;22,1;3,73;3,5;3,03;547,94;544,62;551,84;1417,52;1004,59;717,29;;423,3;38,6;423,3;8
12.01.2016;12073;620;;;;;11814;;;;;;15,08;20,5;90;20;10;18;2;;;;;1784,49;743;2641,25;334,5;329,5;22,5;3,83;3,55;3,25;548,54;545,07;552,44;1459,5;1091,2;658,85;;429,5;40;429,5;17,7
13.01.2016;10457;652;365;8,3;;48,5;10228;;;;;;17,96;20,4;90;20;10;18;2;;;;;1999,62;770,25;2482,75;387,25;334,25;22,8;4,03;3,68;3,23;551,97;547,59;554,57;1218,12;958,61;681,91;;430;42,6;430;8,5
14.01.2016;10331;808;;;;;10332;;;0,017;5,62;0,49;15,14;20,4;90;20;10;18;2;;;;;2084,97;782,25;2274,25;393,25;340,75;26;4,1;3,66;3,39;553,68;549,22;556,58;1154,48;954,74;620,75;;432;43,8;432;15,2
15.01.2016;12678;504;;;;;12316;;;;;;14,9;20,4;90;20;10;18;2;;;;;2102,45;799,75;2370,25;422,5;335,5;22;4,07;3,69;3,3;538,17;535,06;542,86;1209,8;1062,76;605,45;;430,1;37,6;430,1;3,2
16.01.2016;10305;793;;;;;10131;;;;;;;20,4;90;20;10;18;2;;;;;1736,25;704,25;2439,25;416,75;80,5;38,1;3,97;3,71;3,26;551,51;547,04;554,08;1319,58;911,97;598,91;;174,5;35,7;174,5;0
17.01.2016;10050;700;;;;;9869;;;;;;;20,4;90;20;10;18;2;;;;;1494,77;655;2381,75;540;81;30,1;4,01;3,76;3,32;554,94;550,38;557,69;1311,04;960,31;660,56;;259,1;35,7;259,1;0
18.01.2016;9930;659;338;8,4;67;51,4;9717;30,7;4,1;0,036;6,09;1,1;14,64;20,5;90;20;10;18;2;;;;;1790,14;760;2255,75;626,5;349,25;25,7;4,02;3,74;3,4;532,61;530,51;538,47;1100,67;981,48;528;;432;34,8;432;16,8
19.01.2016;9798;624;;;;;9618;;;;;;28,24;20,5;90;20;10;18;2;;;;;1679,47;740,25;2630,25;637;416;28,7;4,13;3,8;3,39;554,8;550,32;557,37;1344,27;1012,28;656,81;;352,3;34,8;352,3;4,5
20.01.2016;9644;674;;;;;9559;;;;;;14,14;20,5;90;20;10;18;2;;;;;1501,05;708,75;2176,5;548;392,5;31,1;4,2;3,88;3,37;553,58;549,04;556,44;1124,67;973,7;665,21;;252,6;33;252,6;4,4
21.01.2016;9645;658;;;;;9579;42,7;5;0,029;7,03;1,41;29,6;20,5;90;20;10;18;2;;;;;1475,26;834,25;2306;595,5;438,5;23,8;4,23;3,94;3,51;531,09;528,7;536,77;1146,66;1032,37;543,48;;406;29,8;406;9,3
22.01.2016;9547;920;;;;;9604;;;;;;12,94;20,5;90;20;10;18;2;;;;;1430,08;717,25;2277,75;653;318,25;22,6;4,2;3,98;3,58;551,33;546,47;553,47;1076,66;930,31;697,35;;99,1;29,3;99,1;6,9
23.01.2016;14670;879;;;;;14259;;;;;;;20,5;90;20;10;18;2;;;;;1289,83;602,25;2861;475;86,5;18,7;4,4;4,16;3,72;553,86;549,75;557,42;1547,8;1192,57;892,45;;0;31,7;0;0
24.01.2016;10019;927;;;;;9927;;;;;;;20,5;90;20;10;18;2;;;;;1278,36;601,5;2310,25;333;83,25;14,9;4,78;4,23;3,68;532,28;529,71;537,81;1214,27;970,08;606,35;;271,7;31,9;271,7;0
25.01.2016;10624;705;370;;68;;10294;34,7;5,9;0,225;4,97;0,74;12,54;20,5;90;20;10;18;2;;;;;1427,34;741;2511,25;285;370,5;27,9;4,61;4,17;3,79;553,48;549,08;556,26;1311,41;954,74;670,6;;417,7;32,1;417,7;15,6
26.01.2016;10221;570;;8,3;;;9962;;;;;;29,2;20,5;90;20;10;18;2;;;;;1551,56;708,25;2425,5;290,25;413,75;21,8;4,68;4,19;3,86;556,59;552,42;559,82;1428,67;910,97;633,7;;232,5;35;232,5;21,9
27.01.2016;10471;647;;;;;10316;;;;;;14,16;20,5;90;20;10;18;2;;;;;1513,31;742,5;2415,5;301,5;398,5;18,7;4,99;4,39;3,96;537,4;534,6;542,71;1346,24;965,27;540,67;;449;36,8;449;19,9
28.01.2016;10651;900;;;;44,8;10404;;;0,119;4,42;1,39;29,7;20,5;90;20;10;18;2;;;;;1597,3;771,25;2667;313,5;365,5;19,5;4,72;4,13;3,87;554,67;550,49;557,73;1593,01;944,33;614,99;;447,1;47,5;447,1;21,7
29.01.2016;10200;748;;;;;10147;;;;;;13,28;20,5;90;20;10;18;2;;;;;1560,97;776;2365;364,5;284,75;22,1;4,65;4,37;3,78;554,62;550,53;557,88;1208,44;937,48;633,46;;448,5;52,3;448,5;10,7
30.01.2016;11336;620;;;;;11183;;;;;;;20,5;90;20;10;18;2;;;;;1416,66;743,25;2923,5;305;67;16,1;4,44;4,31;3,57;547,2;544,38;552,36;1616,54;1172,39;769,41;;449;52,2;449;0
31.01.2016;9834;676;;;;;9850;;;;;;;20,5;90;20;10;18;2;28.209,00;103.735,12;2.064,00;129.880,12;1211,27;712,5;2793;419;174,75;16,6;4,6;4,25;3,84;552,17;547,96;555,27;1597,54;977,59;641,67;;448,5;52,3;448,5;0
01.02.2016;11278;723;;;67;;11076;;;;;;14,26;20,5;90;20;10;18;2;;;;;1179,28;768,25;2499;287,25;261,5;19;4,68;4,45;3,88;556,27;552,11;559,46;1409,6;952,15;661,98;;147,9;55,4;147,9;13,5
02.02.2016;10615;621;;;;42,1;10514;;;;;;14,5;20;90;20;10;18;2;;;;;1284,24;806,25;2296,25;283;269,25;20,6;4,84;4,58;4,17;539,14;536,89;544,89;1310,82;873,28;539,32;;158,9;51,2;158,9;16,6
03.02.2016;10116;605;380;8,5;;;9942;35,3;4,7;0,03;4,97;1,99;14,8;20,1;90;20;10;18;2;;;;;1277,91;872,75;2437,5;347,75;263;18,4;4,94;4,52;3,91;551,73;547,31;554,47;1391,02;883,74;612,61;;407,7;44,6;407,7;6,2
04.02.2016;10262;606;;;;;9992;;;0,009;4,55;1,66;14,92;20,1;90;20;10;18;2;;;;;1291,67;788,5;2296;351,75;299,5;19,5;4,75;4,39;3,98;547,3;543,83;551,19;1468,16;887,1;543,08;;404,5;42,2;404,5;17,5
05.02.2016;12038;695;;;;;11679;;;;;;0;20,1;90;20;10;18;2;;;;;1507,02;757;2640,5;332,5;150,75;20,4;4,85;4,66;4,06;551,5;547,86;555,07;1691,05;1009,47;688,7;;399,1;37,6;399,1;24,4
06.02.2016;10335;825;;;;;10122;;;;;;;20,1;90;20;10;18;2;;;;;1332,46;715,25;2650,75;292,5;62,25;16,4;4,73;4,55;3,92;552,68;548,66;555,77;1915;832,84;626,51;;407,6;39;407,6;0
07.02.2016;10114;726;;;71;;9656;;;;;;;20,1;90;20;10;18;2;;;;;1245,37;730;2485;314;59,75;15,9;4,75;4,31;4,07;553,39;549,51;556,81;1824,42;770,77;698,58;;405,9;38,2;405,9;0
08.02.2016;10378;615;344;8,6;;;9947;36,3;6,2;0,047;3,81;0,6;;20,1;90;20;10;18;2;;;;;1447,06;727,75;2464,75;289;73;20,3;4,68;4,58;3,92;544,42;541,3;548,97;1771,41;834,56;615,46;;406,9;36,7;406,9;15
09.02.2016;11008;588;;;;;10676;;;;;;15,1;20,1;90;20;10;18;2;;;;;1362,67;793,25;2830,25;299,25;274,5;19,5;4,61;4,29;3,85;550,58;546,74;554,06;1932,18;849,39;712,01;;405,9;34,7;405,9;4,3
10.02.2016;10202;707;;;;46,5;9873;;;;;;14,3;20,1;90;20;10;18;2;;;;;1451,39;862;2425,25;332,5;292;20;4,66;4,39;3,85;552,16;548,03;555,37;1654,6;755,48;698,92;;407,7;32,6;407,7;7,9
11.02.2016;10050;621;;;;;9731;;;0,002;3,57;0,32;15,2;20,1;90;20;10;18;2;;;;;1827,86;907;2530;327,25;297;21,1;4,63;4,38;3,83;550,63;546,98;554,33;1373,53;925,34;613,16;;405,9;31;405,9;26,9
12.02.2016;10026;750;;;;;9750;;;;;;14,38;20,1;90;20;10;18;2;;;;;1584,11;885,25;2448;353;280,25;19,3;4,67;4,24;3,9;558,14;553,95;561,28;1296,47;1023,58;641,3;;407,7;27,6;407,7;0
13.02.2016;10010;635;;;;;9706;;;;;;;20,1;90;20;10;18;2;;;;;1351,73;860;2687,5;391,5;78,25;17;4,38;4,22;3,81;545,06;542,4;550,37;1500,82;1172,17;694,67;;405,9;15,1;405,9;0
14.02.2016;10339;648;;;;;10118;;;;;;;20,1;90;20;10;18;2;;;;;1155,74;843;3155,75;359;79,5;16,3;4,4;4,2;3,83;548,17;545,16;552,98;1695,18;1194,85;760,78;;407,6;5,3;407,6;0
15.02.2016;9731;950;389;;70;;9441;36;;0,003;5,58;0,28;14,44;18,3;90;20;10;18;2;;;;;1614,12;817,5;2614,25;384,5;328,5;32,6;4,56;4,15;3,76;555,28;551,21;558,73;1518,9;1000,84;749,52;;204,4;40,2;204,4;31,3
16.02.2016;9339;773;;9;;;9186;;;;;;14,78;18;90;20;10;18;2;;;;;2378,14;767,5;2866,75;446,75;374,25;20,7;4,62;4,46;3,85;546,2;543,06;550,95;1807,14;1196,93;900,28;;0;81,4;0;9,6
17.02.2016;9593;764;;;;47,5;9506;;;;;;14,84;18;90;20;10;18;2;;;;;2250,67;775;3519;420;358,25;25,1;4,72;4,21;3,92;539,45;536,7;544,6;1857,99;1434,65;944,75;;0;90,6;0;11,2
18.02.2016;10304;748;;;;;10085;;3;0,048;5,48;0,44;15,18;18,9;90;20;10;18;2;;;;;2179,7;766,25;3070;347,25;266,5;16,2;4,86;4,31;4,04;550,59;546,88;554,82;1638,24;1351,5;851,57;;0;111,2;0;20,2
19.02.2016;9637;692;;;;;9624;;;;;;13,98;18,9;90;20;10;18;2;;;;;1974,89;759;2499;341,5;251,75;20,2;5,11;4,7;4,24;546,23;542,98;550,63;1477,88;1153,74;655,68;;0;118;0;10,6
20.02.2016;10642;651;;;;;10562;;;;;;;18,9;90;20;10;18;2;;;;;1977,39;738,5;2896;319,75;88,75;15,5;5,02;4,85;4,24;554,24;550,12;557,42;1722,84;1065,48;748,04;;8,4;112,4;8,4;0
21.02.2016;13846;815;;;;;13554;;;;;;;18,9;90;20;10;18;2;;;;;1993,58;768;3294,75;274,75;46,25;17,6;5,43;4,67;4,15;556,01;553,03;560,97;1932,28;1312,42;872,34;;259,6;59,9;259,6;0
22.02.2016;16616;560;;;41;;16272;38,7;5,9;0,011;6,55;1,22;14,5;18,9;90;20;10;18;2;;;;;1976,98;772,5;3023,5;281,75;309,5;24,9;5,37;4,87;4,24;552,37;549,34;557,11;1916,09;1129,66;740,84;;169,9;66,4;169,9;25,4
23.02.2016;11446;515;;7,9;;;11304;;;;;;13,8;18,9;90;20;10;18;2;;;;;1652,53;821,25;2724;316,25;263,5;23,7;5,61;4,89;4,02;553,76;549,45;556,56;1914,7;833,13;626,82;;273,7;8,4;273,7;15,8
24.02.2016;10943;622;382;;;39,4;10919;;;;;;14,6;18,8;90;20;10;18;2;;;;;1515,42;873,25;2501,25;345,75;322;20,8;5,24;4,96;4,32;555,59;551,32;558,6;1660,09;828,65;680,18;;407,7;43,9;407,7;0
25.02.2016;10972;569;;;;;10682;;;;;;14,34;18,8;90;20;10;18;2;;;;;1783,64;873,75;2386,5;378,25;348,25;37,2;5,12;4,87;4,2;541,35;538,24;546,04;1559,54;892,53;577,95;;248,4;25,2;248,4;39,6
26.02.2016;10974;587;;;;;10724;;;0,005;3,9;0,7;14,18;18,8;90;20;10;18;2;;;;;1536,57;751,25;2678,75;407;192;25,8;5,28;5,16;4,47;555,37;550,93;557,98;1779,56;880,74;664,51;;0;54,1;0;6
27.02.2016;10701;640;;;;;10524;;;;;;;18,8;90;20;10;18;2;;;;;1453,14;775;2670,5;406,5;78;17,6;5,32;5,02;4,39;557,83;553,59;560,85;1818,3;939,37;707,01;;223,1;16,5;223,1;0
28.02.2016;10448;638;;;;;10251;;;;;;;18,8;90;20;10;18;2;;;;;1142,21;795,25;2442,25;344,5;80;13,9;5,38;4,81;4,48;543,53;540,13;547,74;1567,56;931,48;626,06;;407,7;13,4;407,7;0
29.02.2016;10540;603;;;;;10161;;;;;;14,2;18,8;90;20;10;18;2;23.574,00;106.964,96;3.186,00;127.352,96;1303,12;858,25;2564,25;391,75;293,25;25,7;5,28;4,88;4,53;554,4;550,27;557,15;1651,1;839,22;709,1;;383,4;33;383,4;15,3
01.03.2016;10426;512;;8;;47,5;10032;35,1;4,1;0,162;4,23;0,4;14,56;18,9;90;20;10;18;2;;;;;1285,48;906;2259,25;404,25;350;26,1;5,29;4,75;4,31;554,27;549,94;557,17;1509,79;758,04;683,53;;387,2;26,9;387,2;0
02.03.2016;12001;752;;;57;;11829;;;;;;14,56;18,9;90;20;10;18;2;;;;;1407,08;950,75;2503,25;302,25;377,75;25,2;5,33;4,83;4,25;550,82;547,73;555,1;1512,3;1015,1;648,43;;405,9;34,7;405,9;0
03.03.2016;10654;648;331;;;;10389;;;0,017;4,95;0,34;14,12;18,9;90;20;10;18;2;;;;;1719,11;953,75;2592,75;351;381;25,2;5,21;4,73;4,13;556,53;552,3;559,22;1433,06;933,67;661,8;;407,7;62,2;407,7;32,3
04.03.2016;10360;538;;;;;10243;;;;;;14,88;18,9;90;20;10;18;2;;;;;1731,81;928,5;2894,75;360,25;200;19,6;5,2;4,83;4,2;557,36;553,58;560,93;1695,2;1138,58;770,89;;405,9;56,8;405,9;10,6
05.03.2016;10390;558;;;;;10340;;;;;;;18,9;90;20;10;18;2;;;;;1326,53;881,5;3023,25;270,5;66;18,1;4,92;4,58;4,16;552,21;549,24;556,72;1903,71;1198,43;799,5;;407,7;14,7;407,7;0
06.03.2016;10954;730;;;;;10838;;;;;;;18,9;90;20;10;18;2;;;;;1005,28;831,5;3100,5;288,5;74;18,5;5,02;4,64;4,24;546,3;543,15;550,44;1863,03;1050,56;760,17;;406,1;0;406,1;0
07.03.2016;10116;789;;;75;;9856;39,8;1;0,007;3,99;0,37;14,98;18,9;90;20;10;18;2;;;;;1160,28;922,5;2720,75;317,75;397;21,5;5,21;4,66;4,35;558,13;554,12;561,44;1729,19;988,15;733,19;;407,7;33,1;407,7;27
08.03.2016;9795;593;;;;;9640;;;;;;29,72;18,9;90;20;10;18;2;;;;;1726,2;919,75;2760,75;360,75;411,5;20,2;5,32;4,68;4,35;552,82;549,37;556,78;1713,64;1189,2;717,37;;333;49,3;333;35,1
09.03.2016;9716;759;379;9,7;;47,4;9606;;;;;;14,89;18,9;90;20;10;18;2;;;;;1988;897,25;2863,75;347;407,75;21,8;5,22;4,84;4,28;557,53;553,33;560,36;1817,66;992,1;661,06;;204,1;49,4;204,1;29,7
10.03.2016;9605;641;;;;;9481;;;0,003;4,86;0,44;30,14;18,9;90;20;10;18;2;;;;;2290,65;889;2588,5;298;369,25;21,4;5,07;4,82;4,28;557,48;553,3;560,63;1601,64;968,26;706,51;;63,6;51,6;63,6;48,5
11.03.2016;9621;674;;;;;9433;;;;;;14,4;18,9;90;20;10;18;2;;;;;2110,92;911,25;2474,25;297;321;24,9;5,31;4,97;4,44;549,12;546,04;553,58;1498,76;1069,27;621,02;;297,4;52,9;297,4;3,4
12.03.2016;9348;811;;;;;9249;;;;;;;18,9;90;20;10;18;2;;;;;1931,7;936,75;2686;299,5;94,5;21,9;5,12;4,86;4,45;557,21;553,07;560,03;1695,54;942,13;695,65;;405,9;55;405,9;0
13.03.2016;9344;781;;;;;9096;;;;;;;18,9;90;20;10;18;2;;;;;1877,01;923,75;2669;314,75;161,25;19,9;5,13;4,92;4,39;559,66;555,68;563,05;1815,03;1005,97;724,12;;371,3;61,6;371,3;0
14.03.2016;9518;761;;;73;51,6;9350;36,6;6,2;0,007;5,21;0,58;14,24;19,9;90;20;10;18;2;;;;;1727,59;873,75;2564,75;298,75;416,75;24,3;5,16;4,92;4,39;551,02;547,91;555,23;1638,41;1099,24;663,65;;278,9;53,3;278,9;2,5
15.03.2016;9741;664;;;;51,4;9458;;;;;;28,42;19,9;90;20;10;18;2;;;;;1856,06;928,25;2927;266,75;365,5;22;5,32;4,95;4,38;554,58;551;558,26;1857,79;1030,07;715,9;;407,7;52,3;407,7;17,5
16.03.2016;9577;804;;9,8;;;9450;;;;;;14,7;19,9;90;20;10;18;2;;;;;1883,28;945,25;2539,75;294,25;424,25;25,6;5,26;5,01;4,54;559,33;555,3;562,58;1570,06;964,7;714,26;;406;47,3;406;23,3
17.03.2016;9566;724;366;;;;9508;;;;;;29,64;19,9;90;20;10;18;2;;;;;1955,78;934,5;2500,5;309,25;434,25;25,3;5,22;4,92;4,34;548,94;546,15;553,83;1470,3;1103,5;635,49;;407,7;29,6;407,7;15,3
18.03.2016;9633;534;;;;;9630;;;0,008;4,63;0,34;15,08;19,9;90;20;10;18;2;;;;;1659,52;917,75;2761,75;308,25;148,5;21,2;5,27;4,78;4,48;561,23;557,2;564,27;1588,39;1035,78;679,74;;404,5;44,8;404,5;2,9
19.03.2016;9370;561;;;;;9150;;;;;;;19,9;90;20;10;18;2;;;;;1889,65;886;2678,5;254,25;61,25;15,6;5;4,35;4,86;560,66;557,01;564,48;1683,84;1025,54;717,89;;407,7;58,1;407,7;0
20.03.2016;9045;546;;;;;8939;;;;;;;19,9;90;20;10;18;2;;;;;1858,08;825;2711;259,5;61,5;14,4;5,19;4,73;4,38;549,83;547,26;554,9;1669,45;1096,11;749,32;;405,9;58,6;405,9;0
21.03.2016;9793;697;375;;;;9556;;;;;;;19,9;90;20;10;18;2;;;;;1901,02;860,25;2516,25;262;72,75;17,8;5,08;4,67;4,2;550,81;547,31;554,91;1568,56;1033,94;760,42;;407,7;45,5;407,7;20,5
22.03.2016;10103;386;;8,4;64;52,1;9853;40,5;1,5;0,012;4,95;0,2;;19,9;90;20;10;18;2;;;;;1984,95;774,25;2343,75;259,25;75,25;62,5;5,23;4,9;4,34;544,42;541;549;1548,7;935,44;762,5;;405,9;49,8;405,9;15,7
23.03.2016;9725;479;;;;;9503;;;;;;;19,9;90;20;10;18;2;;;;;1855,36;721,75;2385,5;273;83,75;55,7;5,26;4,78;4,53;543,18;539,67;547,85;1627,89;919,7;760,18;;407,7;60,8;407,7;23,5
24.03.2016;9681;724;;;;;9338;;;;;;;19,9;90;20;10;18;2;;;;;2170,14;668,75;2317,5;279,25;78,25;17,8;5,22;4,89;4,34;540,87;537,28;545,51;1635,02;856,55;753,43;;212,9;55,4;212,9;14,3
25.03.2016;11181;815;;;;;10866;;;;;;;19,9;90;20;10;18;2;;;;;1858,49;584;2680,75;242,75;57,25;13,5;5,23;4,8;4,45;546,79;543,34;551,71;1826,6;1027,47;852,33;;0;49,7;0;0
26.03.2016;9317;724;;;;;8967;;;;;;;19,9;90;20;10;18;2;;;;;1767,87;624,25;2388,75;245,25;48,25;17,9;5,32;4,78;4,4;544;540,81;549,01;1616,56;879,09;690,98;;254,2;53,3;254,2;0
27.03.2016;8490;799;;;;;8125;;;;;;;19,9;90;20;10;18;2;;;;;1806,03;682,57;2215;263,71;50,71;21,8;5,03;4,76;4,23;538,86;535,38;543,8;1495,36;820,46;740,8;;390,2;51,7;390,2;0
28.03.2016;8997;881;423;;84;;8909;;;;;;;19,9;90;20;10;18;2;;;;;1781,57;690,25;2260;277,75;43,75;20,3;4,97;4,68;4,22;541,22;537,67;546,09;1425,56;892,07;748,27;;406;51,8;406;0
29.03.2016;12333;785;;10,5;;45,5;11963;43,4;8,3;0,021;5,74;0,46;;19,9;90;20;10;18;2;;;;;2077,07;730,25;2535;266;343,25;23,9;4,78;4,55;4,08;552,12;548,27;556,51;1518,41;1161,37;783,03;;407,6;50,4;407,6;17
30.03.2016;10297;987;;;;;10282;;;;;;14,56;19,9;90;20;10;18;2;;;;;2138,54;694,5;2363,25;254,75;255,5;24,5;5,07;4,8;4,11;545,15;541,34;549,65;1501,55;1015,2;705,97;;186,7;50,3;186,7;8,8
31.03.2016;10039;661;;;;;9802;;;0,016;5,28;0,2;27,76;19,7;90;20;10;18;2;13.536,00;128.030,80;8.571,00;132.995,80;2357,46;713,5;2375;256,25;348;18,4;5,07;4,58;4,17;543,57;539,71;548,01;1530,38;1004,75;732,85;;212,2;54,3;212,2;23,1
01.04.2016;10373;;;;;;10279;;;;;;14,78;19,7;90;20;10;18;2;;;;;2235,47;811,5;2507,25;272,5;266;21,2;5,25;4,76;4,3;550,08;546,06;554,23;1610,83;1118,86;755,82;;405,9;62,2;405,9;9,8
02.04.2016;9494;;;;;;9377;;;;;;;19,7;90;20;10;18;2;;;;;2183,68;792,75;2498,75;271,75;43,75;16,9;5,05;4,58;4,16;545,08;541,08;549,48;1625,7;1057,23;760,42;;407,6;64,4;407,6;0
03.04.2016;9394;;;;;;9221;;;;;;;19,7;90;20;10;18;2;;;;;2143,79;754;3039,5;264,25;30,5;16,4;4,89;4,57;4,2;553,23;549,11;557,18;1994,17;1214,08;969,24;;406;64;406;0
04.04.2016;9547;;;;;;8846;38,4;4,1;0,021;4,44;0,27;14,12;20,3;90;20;10;18;2;;;;;2234,29;812,75;2922;269,5;336,25;23,1;4,96;4,66;4,11;551,02;547,11;555,29;1920,57;1148,2;866,7;;406,9;61,7;406,9;13,5
05.04.2016;9323;802;416;9,5;69;47,4;9082;;;;;;28,52;19,9;90;20;10;18;2;;;;;2101,89;833,75;2555,5;271;336,5;18,1;5,04;4,57;4,22;549,52;545,13;553,33;1772,95;940,94;776,47;;405,9;58,9;405,9;10,1
06.04.2016;9473;;;;;;9190;;;;;;13,38;19,9;90;20;10;18;2;;;;;2103,9;834,5;2520;284;348;16,7;4,88;4,66;4,16;548,14;543,83;552,09;1719,49;966,41;768,99;;331,1;58,5;331,1;10,5
07.04.2016;9395;;;;;;9284;;;0,1;4,67;0,4;28,86;20,4;90;20;10;18;2;;;;;2337,58;879,25;2552,25;260,25;259,75;17,1;4,94;4,52;4,03;548,44;544,22;552,46;1691,51;1038,01;768,4;;405,9;58,7;405,9;29,6
08.04.2016;9516;;;;;;9229;;;;;;15,08;20,4;90;20;10;18;2;;;;;2266,05;857,25;2629,25;290,25;283,25;15;5,1;4,75;4,15;549,89;545,65;553,99;1725,49;1136,35;757,37;;407,6;59,1;407,6;1,3
09.04.2016;9254;;;;;;9013;;;;;;;20,4;90;20;10;18;2;;;;;2090,88;829,5;2563,25;277,25;44,75;12;4,62;4,62;3,9;545,6;541,49;549,87;1749,65;1007,16;781,36;;406;57,7;406;0
10.04.2016;9045;;;;;;8789;;;;;;;20,4;90;20;10;18;2;;;;;2000,75;767,25;2537;266,75;44,5;10,6;4,14;4,44;4,42;544,98;540,94;549,38;1701,19;1004,09;801,34;;407,5;58;407,5;0
11.04.2016;8995;;;;69;;8734;48,9;5,3;0,02;6,16;1,11;14,74;20,4;90;20;10;18;2;;;;;1947,24;799,75;2612,75;279,25;352,75;22,9;4,71;4,59;3,98;551,85;547,5;555,74;1701,47;1140,05;804,64;;406;53,4;406;8,1
12.04.2016;12249;;;;;;11798;;;;;;29,68;20,4;90;20;10;18;2;;;;;2172,43;776;2711,75;272,25;360,25;22,1;4,62;4,54;3,87;552,9;548,66;557,08;1617,87;1169,72;832,31;;262,8;48,6;262,8;25,9
13.04.2016;10762;;;;;;10550;;;;;;14,72;20,4;90;20;10;18;2;;;;;2294,37;766,25;2852;276,5;381,75;21,1;5,2;4,17;3,83;554,81;550,37;558,8;1775,29;1207,56;896,34;;253,5;47,3;253,5;20,2
14.04.2016;9207;842;367;9,1;;49,4;9146;;;0,064;6,06;1,38;29,12;20,4;90;20;10;18;2;;;;;2687,16;712,5;2549,25;255,25;388;19,5;4,73;4,51;4,03;548,79;544,53;553,08;1746,06;990,92;750,46;;0;46,7;0;55,8
15.04.2016;10921;;;;;;10847;;;;;;14,14;20,4;90;20;10;18;2;;;;;2352,21;710,25;2755,25;246,5;298,75;19,4;4,96;4,66;4,14;553,94;549,5;558;1771,64;1124,65;890,85;;0;49,1;0;9,9
16.04.2016;9648;;;;;;9544;;;;;;;20,4;90;20;10;18;2;;;;;1837,24;692,5;2862,25;230,5;106,25;9;5,16;4,9;4,07;554,05;549,79;558,47;1839,49;1148,92;873,56;;0;50;0;0
17.04.2016;10616;;;;;;10564;;;;;;;20,4;90;20;10;18;2;;;;;1711,65;591,75;2909,25;232,25;112,5;8,3;5,28;4,56;4,25;554,04;549,57;558,19;1943,26;1119,92;964,57;;0;51,5;0;0
18.04.2016;9366;800;;;65;;9202;41,2;4,4;0,023;6,28;1,65;14,06;20,1;90;20;10;18;2;;;;;1850,24;688,25;2734,75;256;439;17,2;5,33;4,99;4,35;547,58;543,42;552,13;1859,67;1061,85;837,35;;176,9;49,6;176,9;19,2
19.04.2016;8959;;;;;;8672;;;;;;29,22;20,1;90;20;10;18;2;;;;;1712,88;778,75;2593,25;253;439,25;21,9;5,43;5,04;4,54;550,02;545,77;554,24;1760,03;1065,49;792,94;;403,9;48;403,9;13,1
20.04.2016;9045;;344;9,4;;47,7;9016;;;0,034;5,18;1,58;14,2;20,1;90;20;10;18;2;;;;;2064,94;820,5;2863;259,5;465,5;16,7;5,12;4,97;4,52;554,28;550,07;558,54;1811,98;1249,26;905,2;;406,8;47;406,8;33,5
21.04.2016;9023;;;;;;8762;;;;;;30;20,1;90;20;10;18;2;;;;;2195,81;800,5;2932;252;464,5;18,3;5,28;5,04;4,5;553,78;549,71;558,19;1779,82;1274,9;890,21;;340,9;46,2;340,9;39,4
22.04.2016;9217;;;;;;9103;;;;;;14,02;20,1;90;20;10;18;2;;;;;2045,56;802;2948,25;252,75;281;15;5,06;4,7;4,35;552,68;548,68;557,18;1804,96;1255,44;882,08;;407,5;45,6;407,5;9,4
23.04.2016;8884;;;;;;8849;;;;;;;20,1;90;20;10;18;2;;;;;1884,97;788;3020,75;257;114;10,9;4,89;4,86;4,37;547,43;543,77;552,42;1973,11;1133,35;944,25;;405,9;44,1;405,9;0
24.04.2016;8813;;;;;;8457;;;;;;;20,1;90;20;10;18;2;;;;;1747,45;732,25;2999,75;292,5;121,75;12;4,94;4,67;4,36;545,41;541,71;550,38;1925,98;1108,49;990,16;;407,5;43,7;407,5;0
25.04.2016;9013;;;;;;8723;;;;;;14,94;20,1;90;20;10;18;2;;;;;2312,47;805,5;2833,25;305;397,5;21,4;4,88;4,6;4,23;548,46;544,54;552,83;1825,34;1101,04;902,55;;405,8;44,7;405,8;29,9
26.04.2016;10332;740;399;9,9;72;45,7;10186;39,7;5,3;0,03;15,04;1,84;29,28;20,7;90;20;10;18;2;;;;;2446,01;804;2780,5;259,75;339,75;17,5;5,23;4,83;4,16;541,18;537,87;546,56;1830,12;1035,68;851,7;;407,4;43,7;407,4;10,3
27.04.2016;9737;;;;;;9530;;;;;;15,18;20,7;90;20;10;18;2;;;;;2137,53;833;2591,25;276,5;382,5;18,7;5,12;4,78;4,11;546,01;542,05;550,45;1820,08;990,9;787,7;;405,9;44,1;405,9;14
28.04.2016;8981;;;;;;8896;;;0,049;7,01;1,96;30,28;20,7;90;20;10;18;2;;;;;2095,34;791,25;2400,25;285;218,25;16,4;4,99;4,75;4,24;541,75;537,85;546,31;1732,44;932,31;706,21;;417,5;44,5;417,5;23,4
29.04.2016;9117;;;;;;9017;;;;;;15,64;20,7;90;20;10;18;2;;;;;2219;758,75;2478,25;287,75;256;16,1;4,81;4,56;3,99;544,58;540,47;548,97;1794,74;972,04;735,94;;430;46;430;27,3
30.04.2016;8679;;;;;;8617;;;;;;;20,7;90;20;10;18;2;1.038,00;150.972,88;21.084,00;130.926,88;1920,29;810;2606,5;251,75;85,75;13;4,89;4,52;4,02;543,77;539,75;548,45;1879,25;980,56;787,58;;431,8;50,6;431,8;0
01.05.2016;8386;;;;;;8238;;;;;;;20,7;90;20;10;18;2;;;;;2181,07;751,25;2858,75;252,25;10;11;4,48;4,54;4,12;545,65;541,97;550,68;1998,47;1043,86;853,36;;430;56,7;430;0
02.05.2016;8979;;;;;;8804;33,1;4,3;0,036;4,36;0,85;16,9;20,7;90;20;10;18;2;;;;;2181,63;709,5;2746;253,25;213,5;16,9;4,08;4,14;3,83;544,2;540,34;549,01;1934,84;1006,27;842,95;;425,9;55,3;425,9;11,9
03.05.2016;9966;709;368;11;78;57,5;9716;;;;;;16,08;20,7;90;20;10;18;2;;;;;2728,9;731,5;2752,75;252,5;232,5;19,8;5,12;4,56;4,18;542,65;538,82;547,48;1905,27;999,87;896,76;;406;39;406;46,4
04.05.2016;8585;;;;;;7851;;;;;;18,5;20,7;90;20;10;18;2;;;;;2502,75;663;2371,75;246;262;16,3;4,46;4,3;3,64;537,58;533,64;542,12;1702,6;871,6;789,31;;174,9;42,8;174,9;27,2
05.05.2016;8155;;;;;;7943;;;;;;;20,7;90;20;10;18;2;;;;;1997,06;719,25;2396;251;10,75;14,1;4,51;4,21;3,85;536,67;533,02;541,54;1587,18;895,35;800,38;;270,1;30,7;270,1;0
06.05.2016;8739;;;;;;8508;;;;;;;20,7;90;20;10;18;2;;;;;1986,6;678,5;2380,75;256,25;8,75;16,4;3,91;3,72;3,5;541,53;537,6;546,05;1605,11;897,72;725,85;;351,4;47,6;351,4;0
07.05.2016;8281;;;;;;7983;;;;;;;20,7;90;20;10;18;2;;;;;2061,86;635;2461,75;255,75;2,75;12;4,32;4,09;3,34;540,52;536,47;544,83;1735,32;876,93;756,59;;430;47,6;430;0
08.05.2016;8095;;;;;;7785;;;;;;;20,7;90;20;10;18;2;;;;;1982,03;656,25;2179,25;256,25;1,5;12,2;3,9;4,27;3,88;537,63;533,75;542,06;1439,5;757,57;784,6;;431,8;45,4;431,8;0
09.05.2016;8681;870;347;11,1;79;54,4;8086;38,5;7,7;0,084;4,65;0,96;16,66;20,7;90;20;10;18;2;;;;;2431,47;695,75;2384,75;257,75;258,75;19,5;3,48;3,38;3,06;537,82;534,09;542,66;1540,29;885,75;729,06;;392,2;45,8;392,2;26,8
10.05.2016;8349;;;;;;8109;;;;;;18,1;20,6;90;20;10;18;2;;;;;2536,13;691;2431,75;252,75;257,25;24,4;4,61;4,44;3,74;542,21;538,08;546,38;1697,78;853,5;788,39;;378,6;46,6;378,6;10,4
11.05.2016;8398;;;;;;8188;;;;;;17,38;20,6;90;20;10;18;2;;;;;2239,53;764,25;2650,75;252;275,5;21,1;4,76;4,29;3,82;542,04;537,97;546,33;1870,15;886,12;882,21;;430,1;45,1;430,1;0
12.05.2016;8532;;;;;;8278;;;0,032;4,61;0,67;18,76;20,6;90;20;10;18;2;;;;;2245,4;776,5;2507;244;254,5;22,5;4,45;4,2;3,6;540,98;536,91;545,34;1630,94;940,6;766,54;;397,2;44,7;397,2;29,6
13.05.2016;8972;;;;;;8795;;;;;;19,26;20,6;90;20;10;18;2;;;;;2342,86;776;2566,25;247;227,5;20,4;4,48;4,41;3,85;548,67;544,17;552,46;1514,38;1151,32;746,65;;430,1;44,7;430,1;14
14.05.2016;8078;;;;;;7907;;;;;;;20,6;90;20;10;18;2;;;;;1992,34;753,75;2620,75;246;0;12,8;4,34;3,74;3,99;542,35;538,16;546,58;1676,53;1107,04;792,31;;431,8;45,8;431,8;0
15.05.2016;8284;;;;;;8010;;;;;;;20,6;90;20;10;18;2;;;;;1998,99;772,75;2466,75;251,25;112,75;14,8;4,49;4,31;3,72;539,29;534,92;543,32;1554,57;1024,09;754,67;;430,1;45,9;430,1;0
16.05.2016;8101;;;;;;7872;;;;;;;20,6;90;20;10;18;2;;;;;1792,07;728;2214,75;260,75;0;13;4,56;4,29;3,93;537,79;533,73;542,22;1280,37;1045,65;709,32;;431,9;45,2;431,9;0
17.05.2016;8051;961;417;13,5;;60,1;7798;42;4,7;0,037;7,63;1,49;20,2;20,6;90;20;10;18;2;;;;;2091,18;751,75;2222,75;246,5;246;17,2;4,52;4,26;3,99;539,78;535,66;544,04;1277,19;1062,97;712,53;;388,8;45,5;388,8;14,8
18.05.2016;8208;;;;;;8079;;;;;;18,22;20,6;90;20;10;18;2;;;;;1972,97;715,25;2353,75;258,75;261;23,9;4,48;4,28;3,55;541,44;537,25;545,64;1430,03;1067,86;696,98;;309,3;44,8;309,3;9,2
19.05.2016;8383;;;;78;;8430;;;0,134;6,52;1,87;18,18;20,6;90;20;10;18;2;;;;;2487,38;776,75;2484,5;257;273;19,2;4,43;4,02;3,81;540,59;536,59;545,04;1489,5;1064,45;712,15;;427,9;41,9;427,9;34,1
20.05.2016;8338;;;;;;8494;;;;;;18,74;20,6;90;20;10;18;2;;;;;2114,37;786,75;2405,75;260;187,25;19,8;4,63;4,49;3,8;543,34;539,14;547,58;1425,46;1091,65;693,79;;431,8;43,9;431,8;7,8
21.05.2016;8140;;;;;;8312;;;;;;;20,6;90;20;10;18;2;;;;;1835,82;760,5;2511,75;260;63,75;16,9;4,46;4,24;3,9;543,58;539,17;547,6;1697,18;1017,94;721,16;;430,2;44,4;430,2;0
22.05.2016;8072;;;;;;8154;;;;;;;20,6;90;20;10;18;2;;;;;1668,36;759,75;2507,75;256,75;0;16,1;4,74;4,16;3,75;542,75;538,37;546,84;1670,63;994,18;733,6;;431,8;47,8;431,8;0
23.05.2016;11243;632;;10;72;;10658;40,6;5,3;0,027;5,09;0,77;17,64;20,6;90;20;10;18;2;;;;;2035,9;766;2680,25;263,25;252;22,2;4,49;4,16;3,72;551,85;547,25;555,62;1809,56;1087,99;764,3;;435,1;47,5;435,1;23,9
24.05.2016;21577;;;;;;21850;;;;;;19,52;20,2;90;20;10;18;2;;;;;2321,66;823,5;3116,75;297,25;255,5;40,1;4,28;3,56;3,14;552,6;548,5;557,3;2077,07;1151,8;1003,4;;431,8;48,6;431,8;24,9
25.05.2016;9722;;358;;;39,3;9789;;;;;;18,78;20,2;90;20;10;18;2;;;;;2489,97;816,25;2325,25;266,75;263;36,8;4,36;4,09;3,62;544,29;539,68;548,01;1753,7;826,62;667,62;;442;47,9;442;29,6
26.05.2016;9505;;;;;;9555;;;0,036;4,51;0,97;19,96;20,2;90;20;10;18;2;;;;;2319,4;813,25;2345,5;261,5;261,5;43,3;4,48;4,11;3,75;543,84;539,33;547,7;1626,87;904,25;665,14;;403,5;50,6;403,5;20,9
27.05.2016;9497;;;;;;9577;;;;;;;20,2;90;20;10;18;2;;;;;2116,5;817,5;2558,25;260;151,25;36,3;4,38;4,12;3,73;548,4;543,7;551,99;1779,31;1009,35;660,85;;441,9;54,8;441,9;17,2
28.05.2016;8988;;;;;;9096;;;;;;;20,2;90;20;10;18;2;;;;;1542,84;774;2572,25;257,25;0;24,4;4,6;4,36;3,94;544,49;539,83;548,3;1794,89;944,31;740,11;;443,7;53,4;443,7;0
29.05.2016;8748;;;;;;8893;;;;;;;20,2;90;20;10;18;2;;;;;1098,04;708,5;2517,5;248;0;23,4;4,43;4,19;3,99;548,86;544,05;552,41;1727,02;931,04;699,47;;386,8;49;386,8;0
30.05.2016;10096;930;;11;65;;9652;34,5;;0,038;5,14;1,05;19,44;20,2;90;20;10;18;2;;;;;863,58;727,75;2575;256;106,75;33,8;4,53;4,26;3,69;547,64;542,82;551,35;1795,94;888,75;764,87;;261;43,8;261;13,6
31.05.2016;11867;;;;;;11673;;;;;;18,62;20,2;90;20;10;18;2;9.339,00;137.124,48;24.240,00;122.223,48;561,08;707,75;2668,75;265,5;225,75;34,5;4,4;4,02;3,62;550,52;545,9;554,4;1858,38;864,16;841,95;;220,1;40;220,1;0
01.06.2016;20137;;195;;;26,5;20250;;;;;;18,36;19,8;90;20;10;18;2;;;;;364,84;700,25;3411,75;264,25;229,5;30,1;4,79;4,15;3,4;564,14;559,71;568,56;2164,66;1356,22;818,5;;0;9;0;0
02.06.2016;13083;;;;;;13130;;2,7;0,005;5,74;1,13;18,2;19,8;90;20;10;18;2;;;;;338,53;786,5;2239,75;257,5;209,75;31,9;4,61;4,31;3,57;533,4;529,4;538,5;1542,5;737,51;643,18;;169,8;15,9;169,8;0
03.06.2016;10809;;;;;;10876;;;;;;18,88;19,8;90;20;10;18;2;;;;;412,6;776,5;2408;251,25;0;32,2;4,94;4,12;3,6;543,72;538,96;547,69;1610,48;875,83;684,76;;441,8;29,9;441,8;0
04.06.2016;9826;;;;;;9764;;;;;;;19,8;90;20;10;18;2;;;;;577,86;640,25;2447,5;242,5;0;31,9;4,58;4,16;3,98;539,81;535,17;543,99;1705,43;824,76;731,31;;156,7;28,2;156,7;0
05.06.2016;9492;;;;;;9366;;;;;;;19,8;90;20;10;18;2;;;;;948,03;627,5;2427,5;235;0;25,2;4,68;;3,79;539,38;534,75;543,48;1683,05;801,16;762,86;;0;30,4;0;0
06.06.2016;9562;648;341;;70;;9416;26,8;4,4;0,039;3,86;1,51;;19,8;90;20;10;18;2;;;;;1302,45;746,75;2478,25;247,75;2,5;26,3;4,78;4,26;3,87;540,92;536,29;545,06;1725,57;819,33;792,58;;339;34,8;339;0
07.06.2016;9406;;;;;;9113;;;;;;;19,8;90;20;10;18;2;;;;;1600,36;705,75;2431;242,25;0;29,4;4,52;4,41;3,86;536,85;532,32;541,03;1731,49;772,52;804;;272,9;33,6;272,9;0
08.06.2016;9280;;;9,7;;40,5;9050;;;;;;;19,8;90;20;10;18;2;;;;;1693,1;712,75;2597,25;241,75;0,25;33,8;4,71;4,3;3,92;536,86;532,76;541,34;1747,47;822,75;791,59;;326;33,3;326;0
09.06.2016;8954;;;;;;8627;;;0,083;3,62;0,59;;19,8;90;20;10;18;2;;;;;1760,6;733,75;2432,25;247,75;113,75;40,2;4,61;4,2;3,77;533,86;529,65;538,13;1750,1;730,69;780,12;;443,6;33,3;443,6;0
10.06.2016;9126;;;;;;8923;;;;;;;19,8;90;20;10;18;2;;;;;1642,4;767;2516,5;246,75;160,75;24,7;4,6;4,14;3,85;545,38;540,67;548,48;1711,11;705,42;743,97;;442;38,9;442;0
11.06.2016;8571;;;;;;8329;;;;;;;19,8;90;20;10;18;2;;;;;1797,92;715,5;2679,25;249,75;0;28,4;4,14;4,05;3,63;551,28;546,44;554,12;1849,06;804,6;749,64;;443,7;43;443,7;0
12.06.2016;11238;;;;;;10923;;;;;;;19,8;90;20;10;18;2;;;;;1898,09;734,25;2997,5;253,5;0;38;4,26;3,96;3,62;555,07;550,32;558,05;1974,76;917,04;865,65;;442;43,8;442;0
13.06.2016;9823;649;;;59;39,3;9522;30,9;3,8;0,11;5,98;0,5;19,3;19,8;90;20;10;18;2;;;;;1685,37;763,5;2715,25;248,75;249;35,4;4,28;3,76;3,69;546,67;542,95;550,92;1803,23;909,17;698,59;;443,6;46,2;443,6;11,4
14.06.2016;11892;;;;;;11731;;;;;;18,96;19,8;90;20;10;18;2;;;;;2203,64;745;2744,75;165;278,75;24,2;4,24;3,85;3,71;546,15;542,8;551,07;1762,39;1083,43;737,97;;153,5;47,3;153,5;34,7
15.06.2016;12308;;177;7,7;;;9722;;;;;;19,68;19,8;90;20;10;18;2;;;;;2543,51;723,5;2617,5;138,25;231,5;26,1;4,43;4,24;3,53;544,52;541,1;549,35;1714,86;995,57;688,45;;118,6;44,9;118,6;31
16.06.2016;9546;;;;;;9317;;;0,067;4,96;0,67;19,88;19,9;90;20;10;18;2;;;;;2366,4;859;2244,5;146,5;226,25;29,4;3,93;3,48;3,17;537,39;533,64;541,85;1593,34;772,55;613,23;;337,1;44,8;337,1;17,4
17.06.2016;18920;;;;;;18558;;;;;;20,4;19,9;90;20;10;18;2;;;;;2480,44;944;2977,75;159,25;208,25;37,6;4,03;3,78;3,53;554,16;550,48;558,66;1818,99;1277,92;740,25;;443,7;45,2;443,7;20,5
18.06.2016;11487;;;;;;11345;;;;;;;19,9;90;20;10;18;2;;;;;2267,81;852;2298,75;151,25;3;26,8;4,18;3,86;3,36;535,25;531,81;540,27;1612,25;805,23;609,32;;441,9;47;441,9;0
19.06.2016;9316;;;;;;9301;;;;;;;19,9;90;20;10;18;2;;;;;1982,22;845,25;2367,5;150,5;3;26,7;4,15;4,1;3,37;538,2;534,03;542,57;1699,73;835,73;650,46;;443,7;48,2;443,7;0
20.06.2016;9284;628;331;11,7;69;47,8;9300;30,3;5,3;0,043;4,81;1,62;19,66;19,9;90;20;10;18;2;;;;;2186,05;850,75;2543,75;150,75;320,75;32,7;4,16;2,9;3,5;541,74;537,91;546,31;1694,21;924,79;650;;441,9;50;441,9;22,5
21.06.2016;9384;;;;;;8824;;;;;;19,74;21,2;90;20;10;18;2;;;;;2136,71;838,75;2281,25;162,5;241;29,5;3,8;3,68;3,53;540,05;535,31;543,7;1582,5;834,09;678,9;;443,6;51;443,6;17,6
22.06.2016;9122;;;;;;8970;;;;;;20,26;21,2;90;20;10;18;2;;;;;2097,83;867,25;2280,75;157,75;240;32,4;4,05;3,89;3,68;560,82;536,76;545,16;1603,58;818,65;680,63;;441,9;48,1;441,9;22,7
23.06.2016;9363;;;;;;9169;;;0,028;5,04;1,2;20,62;21,2;90;20;10;18;2;;;;;2387,28;901,75;2288,75;143;224,75;30,8;3,9;3,5;3,25;543,14;538,11;546,56;1603,49;803,64;659,52;;443,6;47,8;443,6;25,3
24.06.2016;9438;;;;;;9244;;;;;;19,94;21,2;90;20;10;18;2;;;;;2093,19;899,75;2350,5;146,5;205;39,3;4,07;3,88;3,6;544,95;540,38;548,76;1657,2;807,42;657,04;;441,8;46;441,8;9,1
25.06.2016;8738;;;;;;8519;;;;;;;21,2;90;20;10;18;2;;;;;1939,39;864;2534,75;142,75;0;27,1;4,12;3,83;3,51;549;542,15;550,53;1739,75;874,62;659,85;;443,7;46,4;443,7;0
26.06.2016;8231;;;;;;8015;;;;;;;21,2;90;20;10;18;2;;;;;1706,32;802,5;2356,25;140,25;0,25;28,7;4,08;3,81;3,62;542,02;537,42;545,77;1687,05;824,89;661,88;;442;47,2;442;0
27.06.2016;9010;755;356;;75;;8816;37,3;7,7;0,034;4,9;1,3;20,08;21,2;90;20;10;18;2;;;;;1937,93;834,5;2338,75;154,5;268;33,2;4,07;3,81;3,65;544,67;537,83;546,2;1608,88;885,74;664,31;;393;46,1;393;25,1
28.06.2016;8362;;;;;;8121;;;;;;19,78;22;90;20;10;18;2;;;;;1954;859,75;2172;155,25;293,75;37,9;3,89;3,83;3,6;537,22;532,8;541,16;1476,22;786,13;589,98;;413,3;46;413,3;18,7
29.06.2016;9040;;;;;;8853;;;;;;20,06;21,9;90;20;10;18;2;;;;;1918,33;893;2227,75;141,25;247,5;30,5;3,92;3,75;3,4;543,08;535,72;544,11;1433,69;880,31;588,81;;443,7;47,3;443,7;14,3
30.06.2016;8285;;;9,5;;47,8;8285;;;0,031;5,18;1,56;20,38;21,9;90;20;10;18;2;10.107,00;113.210,80;14.535,00;108.782,80;2093,39;882,25;2172,25;146,5;242,5;28,4;4;3,94;3,38;538,46;534,24;542,69;1384,64;854,19;573,93;;441,9;47,7;441,9;25,1
01.07.2016;8699;;;;;;8536;;;;;;20;21,9;90;20;10;18;2;;;;;2148,02;866,5;2298,25;137,5;329,25;27,7;3,87;3,73;3,56;545,91;538,89;547,27;1471,48;941,09;592;;443,6;46,5;443,6;4,1
02.07.2016;9665;;;;;;9597;;;;;;;21,9;90;20;10;18;2;;;;;1897,91;839,5;2702,25;140,5;0;16,2;3,87;3,7;3,55;548,14;544,07;552,47;1714,03;1120,25;642,57;;441,9;46,3;441,9;0
03.07.2016;8371;;;;;;8132;;;;;;;21,9;90;20;10;18;2;;;;;1734,17;777,75;2036,25;142,25;0;14,7;3,58;3,45;3,36;533,18;529,51;538,17;1269,75;798,03;527,22;;443,7;47;443,7;0
04.07.2016;8219;;;;67;;7890;33,8;6,5;0,034;5,68;0,68;19,44;21,9;90;20;10;18;2;;;;;2089,27;845,5;2237,5;141;299;25,7;3,38;3,18;3,05;542,21;536,49;544,93;1368,36;992,42;559,73;;441,9;45,3;441,9;27,6
05.07.2016;8295;;;;;;8020;;;;;;18,66;21,9;90;20;10;18;2;;;;;2122,97;876,5;2211,25;130,5;214,75;25,7;3,78;3,54;3,41;538,57;534,54;542,92;1383,48;906,01;594,69;;438,6;46;438,6;13,6
06.07.2016;8073;799;371;10;;50,8;7827;;;;;;20,02;21,9;90;20;10;18;2;;;;;2001,74;866,5;2144,5;134,5;250,5;22,4;3,87;3,71;3,54;535,06;531,3;539,75;1354,35;859,47;562,39;;439,3;45,6;439,3;12,5
07.07.2016;8022;;;;;;7837;;;0,028;5,53;0,84;0;21,9;90;20;10;18;2;;;;;2314,57;850,25;2124,25;136,75;2,25;15,6;3,91;3,7;3,44;533,47;530,07;538,84;1257,94;895,04;560,79;;247,5;34,2;247,5;41,7
08.07.2016;10318;;;;;;10121;;;;;;18,42;21,9;90;20;10;18;2;;;;;2008,56;822,36;2502,07;142,75;177;36,6;4,13;3,8;3,65;550,72;540,51;548,89;1485,98;1102,2;668,28;;333,4;44,9;333,4;0
09.07.2016;8064;;;;;;7772;;;;;;;21,9;90;20;10;18;2;;;;;1812,29;812;2260;138,5;66,75;17,9;4,02;3,61;3,41;538,68;534,94;543,31;1493,16;894,36;545,58;;443,7;49,2;443,7;0
10.07.2016;7804;;;;;;7621;;;;;;;21,9;90;20;10;18;2;;;;;1772,43;809,25;2171,5;135;0;17,3;3,89;3,63;3,35;537,53;533,29;541,65;1425,89;794,95;616,83;;441,9;47,7;441,9;0
11.07.2016;8225;712;;11;70;;7958;35,6;5,9;0,037;5,24;1,41;18,9;21,9;90;20;10;18;2;;;;;1915,31;864,75;2285;141;290,5;31,1;3,93;3,8;3,45;541,63;537,51;545,8;1539,1;835,67;631,48;;443,6;46,6;443,6;13,2
12.07.2016;7936;;;;;;7550;;;;;;19,26;21,7;90;20;10;18;2;;;;;2362,62;866;2265,75;137,5;258,25;30,1;3,92;3,62;3,35;541,98;537,87;545,98;1488,82;869;603,45;;442;46,1;442;18,1
13.07.2016;7690;;420;;;47,5;7627;;;;;;19,6;21,7;90;20;10;18;2;;;;;2100,47;887,75;2260;139;314,25;21,4;3,91;3,55;3,43;542,31;538,2;546,36;1345,17;990,88;602,92;;443,6;46,9;443,6;12,1
14.07.2016;12028;;;;;;12029;;;;;;19,56;21,2;90;20;10;18;2;;;;;2271,05;862,25;2927,5;142;197,5;22;4,21;3,56;3,35;552,26;548,17;556,48;1604,41;1395,08;688,45;;237,9;44,3;237,9;25,3
15.07.2016;8052;;;;;;8220;;;0,036;6,44;0,48;18,64;21,2;90;20;10;18;2;;;;;2261,03;864;2260,5;141,25;240,25;19,2;4,04;3,94;3,58;540,76;536,99;545,38;1264,93;1031,04;601,22;;325,9;47,4;325,9;13,1
16.07.2016;7633;;;;;;7740;;;;;;;21,2;90;20;10;18;2;;;;;1997,67;863,25;2413;153;0;16,5;3,42;3,64;3,78;544,41;540,75;549,03;1295,16;1160,02;604,29;;441,9;46,9;441,9;0
17.07.2016;7956;;;;;;7582;;;;;;;21,2;90;20;10;18;2;;;;;1728,91;806,25;2199;146;0;19,2;3,93;3,71;3,63;540,53;536,51;544,88;1289,98;955,45;605,66;;443,6;46,2;443,6;0
18.07.2016;8062;;;;80;;8047;39;4,7;0,084;7,38;1,38;18,62;21,2;90;20;10;18;2;;;;;2009,8;808,75;2275,75;134,25;288,75;25,5;3,86;3,71;3,62;543,7;539,39;547,67;1285,72;1048,6;629,09;;205,8;44;205,8;37,2
19.07.2016;7867;;;;;;7853;35,9;4,7;0,048;7,09;1,11;19,48;21,2;90;20;10;18;2;;;;;2075,72;841,75;2409;140,75;256,5;19,2;4,03;3,74;3,46;543,33;543,85;552,17;1328,21;1181,22;629,52;;338,1;47,5;338,1;8,6
20.07.2016;8016;840;358;9,9;;42,6;7600;;;;;;18,72;20,7;90;20;10;18;2;;;;;2081,35;905,5;2433,5;141,5;232,5;23;4,07;3,92;3,6;546,82;542,84;551,1;1407,57;1094,98;623,03;;441,9;47,3;441,9;10,1
21.07.2016;8657;;;;;;8456;;;;;;20,18;20,7;90;20;10;18;2;;;;;1955,11;904,5;2706,75;142;231,25;21;3,89;3,83;3,63;549,99;546,56;554,76;1536,96;1190,81;630,03;;443,6;44,8;443,6;16,8
22.07.2016;8151;;;;;;8063;;;;;;19,25;20,7;90;20;10;18;2;;;;;1895,49;901,75;2532,25;141;68,75;19,9;3,91;3,7;3,34;547,15;543,66;551,84;1539,02;1019,29;587,7;;438,6;42,8;438,6;14,3
23.07.2016;7564;;;;;;7491;;;;;;;20,7;90;20;10;18;2;;;;;1710,02;826,5;2481,5;138;0;15;3,78;4,23;3,96;544,47;541,06;549,32;1571,63;962,25;615,14;;443,6;42,1;443,6;0
24.07.2016;7487;;;;;;7390;;;;;;;20,7;90;20;10;18;2;;;;;1441,08;817,25;2332,75;139,25;0;18;3,84;3,64;3,48;544,48;540,67;548,92;1474,27;944,27;627,92;;441,9;42,1;441,9;0
25.07.2016;8401;786;355;10,6;;;8197;40,6;6,2;0,037;5,09;1,5;;20;90;20;10;18;2;;;;;1670,23;858,75;2355;190,25;122;22,8;3,74;3,64;3,41;545,5;541,47;549,8;1500,68;950,51;648,82;;443,6;47,5;443,6;12
26.07.2016;8052;;;;;;7857;;;;;;;20;90;20;10;18;2;;;;;2191,22;885,5;2230;168,5;206,5;20,5;3,94;3,56;3,36;541,95;537,96;546,24;1513,31;785,62;664,84;;441,9;49,3;441,9;23,5
27.07.2016;7980;;;;;;7848;;;;;;18,42;20;90;20;10;18;2;;;;;2076,23;896;2348,25;237;249,25;31,9;3,75;3,65;3,44;545,84;541,74;550,02;1507,53;963,26;610,49;;443,6;45,5;443,6;9
28.07.2016;8323;;;;61;41,8;8145;;;;;;19,52;20;90;20;10;18;2;;;;;1792,44;902,25;2635,5;275,25;160,5;33,4;3,72;3,48;3,42;548,82;545,07;553,44;1609,03;1127,38;624,87;;442;47,4;442;0
29.07.2016;14093;;;;;;13964;;;1,09;6,11;1,49;;20;90;20;10;18;2;;;;;1655,5;876,5;3027,5;281,75;5,5;32,9;4,05;3,27;3,02;550,9;547,46;556,21;1766,64;1262,66;702,68;;443,6;51,9;443,6;0
30.07.2016;6987;;;;;;7023;;;;;;;20;90;20;10;18;2;;;;;1694,21;807,25;2051,75;264,75;0;22,7;3,71;3,52;3,41;531,46;527,89;536,61;1484,74;636,77;573,81;;441,9;51,7;441,9;0
31.07.2016;7005;;;;;;6932;;;;;;;20;90;20;10;18;2;3.894,00;133.565,36;18.066,00;119.393,36;1619,81;789,5;2157;263,25;0;14,2;3,63;3,55;3,36;534,79;531,02;539,69;1551,61;701,54;695,24;;443,6;51;443,6;0
01.08.2016;8575;895;;;76;;8279;33;5;0,041;4,5;0,48;;20;90;20;10;18;2;;;;;1985,53;778,5;2232;256,25;110,5;25,7;3,64;3,6;3,32;542,07;538,06;546,58;1493,35;792,16;769,18;;238,5;47,7;238,5;35,6
02.08.2016;9000;;;;;;8786;;;;;;18,55;20;90;20;10;18;2;;;;;2082,26;823,75;2232,75;261,75;232,75;32,1;3,84;3,74;3,43;541,36;537,22;545,68;1393,4;839,31;818,03;;340,3;50,3;340,3;11,9
03.08.2016;8049;;377;13,3;;51,1;7957;;;;;;18,55;20;90;20;10;18;2;;;;;2521,82;816,25;2095,75;253,75;187,25;19,5;3,62;3,43;2,99;535,48;531,58;540,27;1248,59;778,11;723,02;;227,5;49,1;227,5;45,9
04.08.2016;7837;;;;;;7677;;;0,567;6,58;0,2;17,5;20;90;20;10;18;2;;;;;2659,72;823,75;2064,5;254,75;231,75;24,1;3,83;3,51;3,34;534,71;530,89;539,82;1235,57;759,58;751,81;;250,4;51,3;250,4;28,9
05.08.2016;8446;;;;;;8324;;;;;;18,85;20;90;20;10;18;2;;;;;2675,61;875,75;2199,25;259,75;155,75;19,2;3,8;3,56;3,34;536,49;532,88;541,86;1323,55;809,68;828,6;;441,9;46,6;441,9;19,6
06.08.2016;7473;;;;;;7512;;;;;;;20;90;20;10;18;2;;;;;2240,71;804,5;2182,25;257,5;3;14,4;3,64;3,45;3,37;537,55;533,53;542,21;1364,85;786,12;842,14;;443,6;43,6;443,6;0
07.08.2016;7495;;;;;;7396;;;;;;;20;90;20;10;18;2;;;;;1695,74;688,25;2175,5;256,5;3;14,2;3,53;3,41;3,33;538,22;534,11;542,66;1337,64;792,53;842,6;;441,9;47,7;441,9;0
08.08.2016;8111;;;;;;7941;30,9;4,7;0,037;5,32;1,15;19,1;20;90;20;10;18;2;;;;;2117,64;696,75;2268,5;255,5;187;24,9;3,49;3,43;3,3;540,91;536,6;545,1;1375,78;820,23;879,73;;443,6;45,6;443,6;33,4
09.08.2016;7723;1050;302;10,1;65;52,4;7709;;;;;;20,55;19,8;90;20;10;18;2;;;;;2052,62;691;2152;260;24,75;26;3,65;3,52;3,36;538,61;529,14;537,77;1339,82;787,05;773,48;;441,9;47,5;441,9;9,4
10.08.2016;8209;;;;;;8030;;;;;;;19,8;90;20;10;18;2;;;;;1843,89;680,5;2148;280,75;215,75;28,2;3,67;3,53;3,23;531,74;527,84;536,68;1351,73;823,21;743,99;;443,7;47,5;443,7;6
11.08.2016;7964;;;;;;7798;;;0,441;6,49;1,47;18,45;19,8;90;20;10;18;2;;;;;1835,39;739,5;2063,25;273,25;242,75;19,3;3,7;3,46;3,15;530,62;526,87;535,57;1201,27;795,05;761,35;;441,9;48,2;441,9;14,1
12.08.2016;9675;;;;;;9558;;;;;;19,65;19,8;90;20;10;18;2;;;;;1752,92;804,75;2136;268,5;159,25;21,4;3,68;3,78;3,32;534,44;530,44;539,07;1275,47;824,76;788,51;;443,7;48;443,7;13,2
13.08.2016;7821;;;;;;7623;;;;;;;19,8;90;20;10;18;2;;;;;1681,47;734,04;2272,43;259,18;62,5;21,2;3,69;3,57;3,31;542,89;538,87;547,36;1419,46;849,08;817,02;;441,1;47,4;441,1;0
14.08.2016;7366;;;;;;7220;;;;;;;19,8;90;20;10;18;2;;;;;1537,5;672,25;2123,25;254;0;15,2;3,73;3,59;3,47;534,38;530,29;538,87;1294,94;804,72;705,96;;443,7;46,3;443,7;0
15.08.2016;8103;885;450;12,2;70;62,9;7880;27;7,1;0,058;7,08;1,59;18,7;19,6;90;20;10;18;2;;;;;1904,96;701,75;2267,5;252;193;22,6;3,82;3,55;3,29;542,01;537,61;545,87;1380,95;898,36;819,31;;442;47,3;442;21,8
16.08.2016;7914;;;;;;7775;;;;;;20,75;20;90;20;10;18;2;;;;;2100,09;708,5;2207,75;251;227,25;22,6;3,74;3,55;3,22;540,66;536,02;544,26;1337,96;881,31;743,3;;436,2;25,2;436,2;13,2
17.08.2016;7761;;;;;;7631;;;0,031;6,7;1,63;20,7;20;90;20;10;18;2;;;;;1869,56;731,75;2143,75;248,75;217,75;18,1;3,79;3,5;3,31;531,74;527,47;535,94;1326,94;840,9;698,49;;441,9;48,4;441,9;8,4
18.08.2016;7785;;;;;;7596;;;;;;20,2;20;90;20;10;18;2;;;;;1913,02;741,25;2135,5;247,25;195,5;22,2;3,59;3,29;3,19;530,24;526,01;534,56;1316,12;813,76;687,88;;443,6;47,1;443,6;11,2
19.08.2016;7903;;;;;;7871;;;;;;19,65;20;90;20;10;18;2;;;;;1735,04;725,5;2211;247,25;146,5;17,6;3,55;3,48;3,07;535,4;531,06;539,41;1402,88;832;723,12;;442;49,6;442;8,4
20.08.2016;13075;;;;;;12693;;;;;;;20;90;20;10;18;2;;;;;1562,27;772;2612,25;254,25;88;23,7;3,42;3,36;3,24;544,34;540,03;548,22;1657,1;1005,51;850,06;;429,8;50,7;429,8;0
21.08.2016;7871;;;;;;7828;;;;;;;20;90;20;10;18;2;;;;;1562,16;714,5;2340,5;243,5;0;14,9;3,54;3,4;3,19;535,78;532,52;540,91;1567,96;873,15;687,31;;441,9;53,5;441,9;0
22.08.2016;7646;819;403;12;;;7672;31,1;5,9;0,209;4,45;0,78;19,5;20;90;20;10;18;2;;;;;1741,85;706,75;2199,5;245,5;201,25;21,8;3,59;3,44;3,25;537,49;533,7;542,04;1495,68;793,34;707,53;;451,3;50,9;451,3;14
23.08.2016;7691;;;;;;7678;;;;;;19,95;19,6;90;20;10;18;2;;;;;1909,38;658,5;2170,5;240,75;227,75;17,3;3,69;3,41;3,09;531,84;528,3;536,92;1476,52;793,71;643,02;;440,8;47,4;440,8;12,2
24.08.2016;8176;;;;63;50,8;8090;;;;;;19,7;19,6;90;20;10;18;2;;;;;1899,82;638,5;2310;248,25;204,25;50,6;3,66;3,39;3,06;538,56;534,37;542,9;1573,02;862,41;680,04;;455,6;47,2;455,6;5,7
25.08.2016;8103;;;;;;7810;;;0,052;6,5;1,1;20,05;20,7;90;20;10;18;2;;;;;1925,94;672;2345;243,5;238,75;39,7;2,87;2,93;2,94;541,55;537,09;545,36;1622,64;856,05;673,72;;279,7;47,3;279,7;15,8
26.08.2016;7985;;;;;;7891;;;;;;19,9;20,7;90;20;10;18;2;;;;;1875,38;661,25;2339,5;235,25;202,75;43,2;3,64;3,44;3,05;542,47;538,06;546,25;1618,64;837,67;674,97;;285,6;43,9;285,6;16,9
27.08.2016;7393;;;;;;7373;;;;;;;20,7;90;20;10;18;2;;;;;1517,62;667,5;2283,5;244,25;0;12,2;3,43;3,47;3,21;539,42;534,6;542,63;1575,17;797,83;665,61;;453,8;46,2;453,8;0
28.08.2016;7372;;;;;;7304;;;;;;;20,7;90;20;10;18;2;;;;;1446,54;620,5;2239,75;242;0;12,6;3,3;3,25;3,07;541,41;533,5;541,61;1554,87;757,21;674,92;;455,5;46,3;455,5;0
29.08.2016;7661;812;;;72;;7554;37,4;;0,056;5,84;1,4;19,6;21,4;90;20;10;18;2;;;;;1703,03;645,25;2275,25;239,5;249,75;21,1;3,42;3,4;3,09;541,93;536,76;544,76;1609,17;777,14;695,64;;453,9;45,4;453,9;18,7
30.08.2016;7799;;;;;;7618;36,1;6,2;0,023;5,65;1,54;20,7;21,4;90;20;10;18;2;;;;;2103,77;641,25;2187,25;247;248;30,5;3,62;3,37;2,98;534,94;529,89;538,14;1594,34;737,55;640,15;;445,6;46,9;445,6;21,3
31.08.2016;7608;;;;;;7551;;;;;;19,9;20,8;90;20;10;18;2;6.912,00;123.476,56;16.383,00;114.005,56;2079,5;687;2191,5;243,25;232,25;42,6;3,64;3,33;3;542,48;535,33;543,54;1608,57;737,3;646,08;;453,8;47,2;453,8;10,4
01.09.2016;7575;;354;10,5;;54,9;7469;;;;;;19,85;20,8;90;20;10;18;2;;;;;2225,98;702,5;2095,75;240,25;244,25;20,4;3,46;3,36;3,05;533,77;530,62;539,2;1455,95;781,6;597,59;;455,6;49,4;455,6;18,9
02.09.2016;7713;;;;;;7608;;;;;;19,65;20,8;90;20;10;18;2;;;;;2361,64;694;2205;242;156;20,3;3,43;3,26;3,03;538,17;534,72;543,2;1482,63;848,98;639,58;;453,9;44,4;453,9;11,3
03.09.2016;7173;;;;;;7205;;;;;;;21,6;90;20;10;18;2;;;;;1825,65;654,75;2259;239,5;59,25;19,7;3,43;3,31;2,95;540,17;536,24;544,54;1572,5;815,77;648,43;;455,6;45,9;455,6;0
04.09.2016;7621;;;;;;7631;;;;;;;21,6;90;20;10;18;2;;;;;1493,11;642;2241,5;244,25;0;20,2;3,31;3,12;2,95;538,04;534,27;542,75;1538,04;819,18;688,28;;453,8;47,5;453,8;0
05.09.2016;11475;983;;;71;;11171;35,2;6,8;0,038;6,98;1,36;19,85;21,6;90;20;10;18;2;;;;;1597,46;654,17;2361,67;228,42;195,33;24;3,64;3,38;3,19;544,76;539,76;547,68;1582,71;1022,26;867,84;;394,7;43,9;394,7;16,8
06.09.2016;7911;;;;;;7695;;;;;;19,45;21,6;90;20;10;18;2;;;;;1752,11;698,5;2190;246;224,75;21,5;3,63;3,24;2,96;531,11;526,35;534,64;1429,73;873,84;719,25;;467,2;47,8;467,2;12,7
07.09.2016;7895;;402;10,3;;52,5;7740;;;;;;20,05;22,1;90;20;10;18;2;;;;;1662,03;732,25;2211,5;246,75;210,5;32,3;3,36;3,25;3,04;532,58;527,92;536,13;1451,86;877,65;675,28;;459,2;47,3;459,2;4,3
08.09.2016;7991;;;;;;7719;;;;;;19,52;22,1;90;20;10;18;2;;;;;1940,5;805;2259,75;241;187,5;20,5;3,31;3,29;2,95;535,37;530,56;538,78;1525,33;860,26;674,5;;467,5;46,9;467,5;20,7
09.09.2016;7829;1023;;;;;7673;;;0,009;6,82;1,62;;21,6;90;20;10;18;2;;;;;1683,12;781;3178,25;234,75;96,5;30,6;3,32;3,28;2,96;546,22;541,9;550,16;1998,27;1201;958,15;;334,3;48,3;334,3;3,3
10.09.2016;7557;;;;;;7386;;;;;;;21,6;90;20;10;18;2;;;;;1413,42;796,5;3672,25;238;0;16,9;3,35;3,23;3,02;549,42;545,66;553,95;2213,33;1458,19;1132,84;;467,5;49,3;467,5;0
11.09.2016;7451;;;;;;7257;;;;;;;21,6;90;20;10;18;2;;;;;1462,92;797;2563,5;235,25;0;16,5;3,22;3,19;2,86;540,53;536,45;544,65;1702,12;976,77;722,04;;465,6;49,2;465,6;0
12.09.2016;8117;903;;11,6;74;;7835;40,8;6,2;0,063;5,89;1,4;20,65;21,6;90;20;10;18;2;;;;;1574,28;812,75;2267,75;236,75;203,75;28,8;3,35;3,31;2,96;535,9;531,9;540,31;1559,86;844,22;679,33;;456,6;49,2;456,6;18,9
13.09.2016;7951;;;;;;7703;;;;;;21;21,6;90;20;10;18;2;;;;;1903,61;845,25;2187;250,25;217;21,4;3,25;3,13;2,96;535;530,9;539,22;1522,88;767,42;637,01;;465,8;47,9;465,8;30,9
14.09.2016;7807;;;;;;7666;;;;;;20,3;21,6;90;20;10;18;2;;;;;1728,69;845;2111;247,5;126,75;20,7;2,92;3,08;2,86;529,58;526,34;535,04;1507,77;761,32;600,12;;467,5;47,1;467,5;2,9
15.09.2016;7612;;416;;;52,8;7364;;;0,025;5,39;1,08;;21,6;90;20;10;18;2;;;;;1804,48;842;2146,75;241,75;71,25;21,3;2,91;2,86;2,81;534,93;531,36;539,74;1469,01;782,05;618,14;;465,6;45,9;465,6;19,7
16.09.2016;8028;;;;;;7844;;;;;;;21,6;90;20;10;18;2;;;;;2231,45;785,75;2165,75;243,25;81,5;24,9;3,23;3,21;3,11;536,65;532,9;541,28;1457,14;808,27;635,4;;467,5;47,2;467,5;16,3
17.09.2016;19323;;;;;;18936;;;;;;;21,6;90;20;10;18;2;;;;;1817,58;842;2821;262,5;0;20,4;3,45;2,99;2,62;549,54;545,37;553,66;1762,15;1120,12;964,3;;465,7;46,6;465,7;0
18.09.2016;7666;;;;;;7381;;;;;;;21,6;90;20;10;18;2;;;;;1655,06;729;1865;238,25;0;10,3;3,03;3,24;2,58;540,73;535,74;543,95;1371,1;590,35;498,6;;467,5;46;467,5;0
19.09.2016;7996;706;347;;;;7781;34,9;7,1;0,058;5,02;1,13;;21,6;90;20;10;18;2;;;;;1946,44;746,5;2049,75;249,25;0;18,9;3,11;3,11;2,79;533,15;529,07;537,72;1561,29;627,99;602,53;;465,8;45,6;465,8;22,3
20.09.2016;7725;;;;;;7107;;;;;;;21,6;90;20;10;18;2;;;;;1916,11;744,75;1871,5;252,75;1,75;19,4;3,24;2,97;2,8;530,15;525,65;534,25;1243,54;655,26;565,2;;467,5;45,6;467,5;7,8
21.09.2016;8158;;;;;;7760;;;;;;;21,6;90;20;10;18;2;;;;;1892,41;744,25;1890,5;252;1,5;32,9;3,26;2,97;2,82;542,45;526,17;534,63;1250,85;681,71;563,88;;465,7;46,6;465,7;7,3
22.09.2016;7763;;;11,5;75;57,2;7388;;;0,035;5,34;0,95;;21,6;90;20;10;18;2;;;;;1950,85;742,5;1844,25;247;0;15,7;3,08;2,92;2,8;531,04;527,37;535,85;1281,75;662,48;544,21;;467,5;44,5;467,5;21,9
23.09.2016;7801;;;;;;7389;;;;;;20,55;21,6;90;20;10;18;2;;;;;1971,06;724,5;1914,5;248;189,5;22,7;3,05;2,84;2,7;527,22;523,84;532,42;1373,41;679,19;574,04;;465,7;46,5;465,7;6,8
24.09.2016;7531;;;;;;7128;;;;;;;21,6;90;20;10;18;2;;;;;1582,75;722;1994;245,5;3;19,4;2,96;2,83;2,72;528,42;524,87;533,56;1453,72;707,84;593,29;;467,5;46,5;467,5;0
25.09.2016;7322;;;;;;7096;;;;;;;21,6;90;20;10;18;2;;;;;1532,55;725,5;1960,5;242,75;3,75;16,6;2,87;2,86;2,64;528,82;525,41;534,14;1391,47;697,69;602,99;;465,7;47,8;465,7;0
26.09.2016;7728;;373;;78;;7439;;6,2;0,013;5,36;0,82;20,1;20,9;90;20;10;18;2;;;;;1564,7;766,25;2008;249,5;234,5;26,3;2,9;2,88;2,56;532,25;527,28;535,94;1385,32;746,23;599,58;;467,5;46,2;467,5;4,8
27.09.2016;7767;;;;;;7560;;;;;;20,9;20,9;90;20;10;18;2;;;;;1603,59;770;2111,75;250,5;246,75;21,4;2,78;2,9;2,63;536,35;532,63;541,21;1393,6;815,34;651,36;;462,8;45,8;462,8;4,2
28.09.2016;7724;908;;10,4;;59,2;7509;;;;;;20,45;20,9;90;20;10;18;2;;;;;1926,82;771,75;2187,75;250;263,75;29,3;2,98;2,8;2,51;539,93;536,21;544,77;1385,06;852,95;718,82;;467,5;45;467,5;11,3
29.09.2016;7792;;;;;;7556;34,8;;0,011;8,41;0,74;21,95;21,5;90;20;10;18;2;;;;;2061,6;795,75;2133,75;244,25;257,75;24;2,96;2,85;2,7;537,85;534,66;543,45;1362,24;834,63;673,39;;465,7;43,4;465,7;19,3
30.09.2016;7744;;;;;;7446;;;;;;20,3;21,5;90;20;10;18;2;6.918,00;116.535,04;13.416,00;110.037,04;1840,79;769,25;2139,5;240,5;205;16,1;3,03;2,81;2,48;537,62;534,57;543,47;1387,27;846,14;644,09;;467,4;43,5;467,4;13,7
01.10.2016;9732;;;;;;9334;;;;;;;21,5;90;20;10;18;2;;;;;1667,88;758,5;2416,5;236,25;0,25;11,9;3,02;2,76;2,5;540,9;537,12;545,74;1579,61;939,67;789,67;;465,5;43,4;465,5;0
02.10.2016;8424;;;;;;8246;;;;;;;21,5;90;20;10;18;2;;;;;1421,74;715;2525,75;241,75;58,5;14,5;2,76;2,48;2,87;545,28;541,28;549,74;1608,5;1017,45;753,06;;467,4;43,7;467,4;0
03.10.2016;9131;;;;;;8786;;;;;;;21,5;90;20;10;18;2;;;;;1355,99;748,5;2051,5;246,5;0;10,6;3,01;2,78;2,59;534,91;531,24;539,78;1385,45;777;654,84;;465,6;43,8;465,6;0
04.10.2016;9245;;;;;;8813;36,6;5;0,026;7,53;1,06;20,5;21,3;90;20;10;18;2;;;;;1593;752,25;1969,75;251,25;234;18;3,03;2,8;2,35;529,87;526,57;535,44;1386,91;764,32;624,82;;467,4;44,8;467,4;24
05.10.2016;7956;;;;;;7644;;;;;;19,65;21,3;90;20;10;18;2;;;;;1866,12;749,5;1880;240;287,75;15,7;2,83;2,92;2,58;532,5;528,9;537,46;1319,4;710,83;567,56;;389,1;46,6;389,1;25,2
06.10.2016;9473;;;;;;9159;;;0,017;5,96;0,92;20,95;21,3;90;20;10;18;2;;;;;1917,82;841,25;2051;246,25;269;17,5;2,88;2,79;2,55;535,05;531,23;539,7;1383,39;786,23;712,54;;467,4;43,6;467,4;16,5
07.10.2016;8192;882;377;11,1;75;57,8;7978;;;;;;21,8;21,3;90;20;10;18;2;;;;;1956,25;825,5;2015;241,25;254,5;18,8;2,8;2,78;2,56;532,84;529,47;538,1;1333,82;805,54;642,1;;465,2;39,6;465,2;23,7
08.10.2016;8372;;;;;;8077;;;;;;;21,3;90;20;10;18;2;;;;;1623,35;777,5;2024,75;243;13,25;10;3,08;2,87;2,63;533,47;530,01;538,68;1374,84;794,54;656,34;;467,4;39,3;467,4;0
09.10.2016;7662;;;;;;7360;;;;;;;21,3;90;20;10;18;2;;;;;1379,3;710;2012,5;241,75;17,5;7,5;2,88;2,71;2,6;534,06;530,65;539,33;1341,45;812,51;633,06;;465,5;39,6;465,5;0
10.10.2016;7837;870;;9,6;;;7495;35,2;5,3;0,005;7,26;0,97;18,65;21,3;90;20;10;18;2;;;;;1463,45;756,75;2003,75;240,5;243,25;20,8;2,85;2,81;2,58;533,18;529,96;538,73;1347,67;823,68;635,74;;467,4;42,8;467,4;14,9
11.10.2016;8226;;;;;;7842;;;;;;19,8;21,3;90;20;10;18;2;;;;;1749,41;805;1975;246,25;265,75;20,6;3,07;2,76;2,55;531,45;528,24;537;1322,79;800,9;620,97;;465,9;46,8;465,9;30,5
12.10.2016;8151;;;;;;7962;;;;;;22,05;21,3;90;20;10;18;2;;;;;2163,06;791,5;1994,75;246,25;254,25;20,3;3,1;2,86;2,66;533,26;529,33;538,11;1286,11;832,83;649,94;;355,2;43,8;355,2;21,2
13.10.2016;7566;;372;;78;62,3;7265;;;0,059;6,72;1,1;20,1;20,8;90;20;10;18;2;;;;;1955,8;805;1885,75;258,5;276,75;23,3;2,87;2,9;2,71;530,75;527,2;535,93;1194,63;797,65;577,33;;465,5;42,6;465,5;20,4
14.10.2016;7823;;;;;;7436;;;;;;20,65;20,8;90;20;10;18;2;;;;;2019,36;795;1935,75;243,75;194,75;15,2;3,08;2,86;2,66;531,28;527,92;536,69;1223,65;798,18;614,45;;467,4;44,4;467,4;16,5
15.10.2016;7730;;;;;;7484;;;;;;;20,8;90;20;10;18;2;;;;;1921,45;787,82;2129,18;242;4,29;8,3;3,02;2,92;2,76;538,83;535;543,49;1408,68;852,67;690,37;;464,3;42,2;464,3;0
16.10.2016;7938;;;;;;7591;;;;;;;20,8;90;20;10;18;2;;;;;1534,9;726,25;2098;184;3;6,5;3,04;2,78;2,7;536,2;532,3;540,88;1432,8;834,67;666,65;;467,3;43,8;467,3;0
17.10.2016;7827;;;;;;7404;37,4;3,5;0,009;5,25;0,86;;20,8;90;20;10;18;2;;;;;1871,39;738,75;2139,25;176,25;152,75;18,9;2,99;2,97;2,66;538,56;534,81;543,41;1440,15;864,57;655,38;;417,2;42,4;417,2;20,7
18.10.2016;8076;945;482;11;69;66;7668;;;;;;21,15;20,8;90;20;10;18;2;;;;;2119,68;729,25;2078,5;187,75;249,25;24,1;3,05;2,84;2,68;534,18;530,6;539,48;1508,78;793,04;649;;217,6;44,4;217,6;28,9
19.10.2016;10366;;;;;;10113;;;;;;20,9;21,1;90;20;10;18;2;;;;;1851,38;803,75;2231,5;187,75;290,5;25,8;3,15;2,9;2,71;544,88;540,8;549,27;1462,74;888,66;754,5;;465,8;46,3;465,8;1,7
20.10.2016;8147;;;;;;7832;40,5;3,8;0,003;6,09;0,39;21,65;21,1;90;20;10;18;2;;;;;1943,82;812,5;2090;187,25;247;24,4;3,25;2,98;2,7;540,83;537,34;545,98;1407,12;851,17;615,64;;467,5;47;467,5;27,1
21.10.2016;18133;;;;;;17701;;;;;;21,45;21,1;90;20;10;18;2;;;;;2388,88;894,5;2882,25;217,75;154,5;29;3,27;2,99;2,71;550,56;547,38;555,94;1883,68;1153,18;932,64;;465,8;49,6;465,8;30,3
22.10.2016;8125;;;;;;7953;;;;;;;21,1;90;20;10;18;2;;;;;2071,09;730,75;1919,5;187;12,5;18,9;2,96;3,01;2,71;533,09;529,67;538,34;1192,31;796,58;613,06;;467,6;53;467,6;0
23.10.2016;7995;;;;;;7607;;;;;;;21,1;90;20;10;18;2;;;;;1887,47;755,25;1932,75;189,75;13;20,8;3,12;2,99;2,66;530,14;526,63;535,37;1270,24;788,51;594,9;;465,8;53,6;465,8;0
24.10.2016;13533;599;231;5,7;44;31;13056;36,7;5;0,022;6,32;0,71;;21,6;90;20;10;18;2;;;;;2225,88;843;2332,5;220,75;166,75;32,6;3,04;2,93;2,75;538,29;534,7;543,35;1480,03;941,14;764,84;;467,6;53,5;467,6;20,4
25.10.2016;12209;;;;;;11836;;;;;;21,3;21,6;90;20;10;18;2;;;;;2172,24;830,5;2092,5;221,75;257,25;24,3;3,23;3,02;2,67;534,19;530,8;539,43;1250,01;857,82;709,78;;437,1;52,4;437,1;20,4
26.10.2016;8428;;;;;;8275;;;;;;21,65;21,6;90;20;10;18;2;;;;;2195,09;819,25;1689;219,25;271,5;25;3,08;3,05;2,8;538,01;534,24;542,66;1110,5;661,62;533,39;;467,7;53,4;467,7;15,5
27.10.2016;8199;;;;;;7943;;;0,018;5,7;0,71;21,4;21,6;90;20;10;18;2;;;;;2134,43;845,5;1856;205;272,5;23,2;3,28;2,98;2,84;531,35;528,1;536,85;1162,29;772,28;660,9;;465,8;50,6;465,8;23,5
28.10.2016;8185;;;;;;7921;;;;;;22,7;21,6;90;20;10;18;2;;;;;1797,01;844,25;1935,75;194,25;215,25;18,4;3,2;3,04;2,78;532,96;529,67;538,5;1139,31;804,96;737,89;;467,5;50,3;467,5;2,5
29.10.2016;8098;;;;;;7795;;;;;;;21,6;90;20;10;18;2;;;;;1634,16;833,5;2031,25;178,25;4,75;9,1;3,16;2,99;2,53;534,87;531,64;540,47;1225,14;842,41;753,91;;465,8;49,9;465,8;0
30.10.2016;7388;;;;;;7098;;;;;;;21,6;90;20;10;18;2;;;;;1497,1;795,5;2023,5;182,5;111,75;11;2,95;3,05;2,94;533,8;530,41;539,36;1216,11;840,76;678,76;;448,3;47,6;448,3;0
31.10.2016;7713;;;;;;7450;;;;;;;21,6;90;20;10;18;2;4.149,00;126.289,68;19.671,00;110.767,68;1446,39;791,5;2117,75;188;6;18,5;3,08;2,86;2,74;540,27;536,9;545,56;1318,69;866,13;742,89;;458,5;49,8;458,5;0
01.11.2016;8394;1006;;11,6;97;;7898;38,4;5;0,008;10,02;1,38;21,65;21,3;90;20;10;18;2;;;;;1656,08;766,25;2107;239,5;260;27,3;3,05;3,04;2,81;544,2;540,8;549,24;1475,2;861,55;621,8;;465,9;48,2;465,9;19,6
02.11.2016;8483;;;;;;8176;;;;;;20,75;21,3;90;20;10;18;2;;;;;2014,41;764;2100,75;277,25;244,5;19,2;3,13;2,96;2,64;537;534,08;542,94;1184,46;892,81;692,44;;465,5;49;465,5;20,3
03.11.2016;8161;;;;;;7837;;;0,006;7,92;1,4;21,45;21,3;90;20;10;18;2;;;;;2139,64;800,25;2033,75;343,5;290;24,2;3,18;3,05;2,66;534,35;531,72;540,71;1195,13;889,74;653,12;;439,4;49;439,4;27,1
04.11.2016;8090;;457;;;56,8;7772;;;;;;21,15;21,3;90;20;10;18;2;;;;;2143,39;806,25;2089,5;268,75;36,25;20,8;3,13;3,06;2,87;537,21;534,19;542,87;1274,45;895,85;691,47;;465,7;46,5;465,7;12,2
05.11.2016;12503;;;;;;12138;;;;;;;21,3;90;20;10;18;2;;;;;1658,29;753,75;2464,5;258,5;20,5;15,1;3,11;2,95;2,53;544,54;541,46;549,99;1530,91;1022,77;825,56;;344,5;46;344,5;0
06.11.2016;8629;;;;;;8214;;;;;;;21,3;90;20;10;18;2;;;;;1411,77;606;2100;272;21;14,7;3,26;3,13;2,81;537,67;534,35;542,85;1224,44;867,13;677,22;;277,1;46,8;277,1;0
07.11.2016;8280;;;;;;7865;39,1;5,6;0,099;7,04;0,79;;21,3;90;20;10;18;2;;;;;2245,16;731,25;1940,75;267,5;41,5;20,2;3,22;3,07;2,97;531,4;528,21;536,96;1158,55;831,85;633,7;;467,7;41,8;467,7;36
08.11.2016;8830;827;397;8,3;68;50,6;8427;;;;;;;21,3;90;20;10;18;2;;;;;2969,5;758,25;2048;362;40,5;19,6;3,33;2,96;2,8;533,6;530,47;539,22;1165,09;888,22;642,67;;465,7;38,5;465,7;22,6
09.11.2016;8070;;;;;;7704;;;;;;;21;90;20;10;18;2;;;;;3148,64;762,5;1946,25;407;278,5;24,9;3,1;3,01;2,86;530,28;526,99;535,72;1066,49;801,72;618,81;;467,7;45,5;467,7;16,4
10.11.2016;8526;;;;;;8264;;;0,008;5,81;0,69;20,2;21;90;20;10;18;2;;;;;3146,31;804,25;1982;367,25;311,25;36,3;2,92;2,99;2,85;532,34;528,94;537,63;1028,24;843,71;703,72;;435,4;44,2;435,4;21,9
11.11.2016;7996;;;;;;7771;;;;;;21,25;21;90;20;10;18;2;;;;;3048,82;815;2008,25;404,25;212,5;23,2;3,25;3,12;2,71;533,9;530,5;539,25;980,14;877,44;781,08;;467,7;45,8;467,7;28,9
12.11.2016;7907;;;;;;7610;;;;;;;21;90;20;10;18;2;;;;;2365,61;742,5;2032;448,25;40;18,9;3,04;3;2,79;536,54;533,27;542;999,26;898,21;765,83;;465,8;46,4;465,8;0
13.11.2016;7775;;;;;;7464;;;;;;;21;90;20;10;18;2;;;;;2128,12;754;2024;515;48;15,2;3,12;2,97;2,86;537,66;534,52;543,23;1049,63;894,82;717,23;;467,7;47,7;467,7;0
14.11.2016;8008;;;;;;7619;31,6;6,8;0,424;8,82;1,42;;21;90;20;10;18;2;;;;;2147,05;822,75;1959,75;461,25;179,5;23,4;3,13;3;2,95;535,36;532,16;540,79;1086,34;808,96;711,93;;465,9;50,1;465,9;23,7
15.11.2016;9130;1030;468;10,3;80;56,9;8800;;;;;;20,7;21,3;90;20;10;18;2;;;;;2287,23;790,5;1936,5;307;296,75;32,8;3,18;3,07;2,89;536,43;532,81;541,43;1200,17;743,92;589,16;;467,7;48,8;467,7;16,9
16.11.2016;10196;;;;;;9871;;;;;;21,15;21,3;90;20;10;18;2;;;;;2286,59;856,5;2054,75;265,5;288;33,9;3,35;3,11;2,78;537,02;533,49;542,08;1361,93;805,91;616,32;;465,7;45,6;465,7;6,6
17.11.2016;9929;;;;;;9679;;;0,75;7,89;1,13;21,05;21,3;90;20;10;18;2;;;;;2926,95;815;2089,25;257,75;280,75;32,1;3,21;3,04;2,85;536,81;533,24;541,93;1395,51;838,54;590,86;;189,3;35;189,3;52
18.11.2016;13225;;;;;;12833;;;;;;20,9;21,3;90;20;10;18;2;;;;;2509,83;929;2195,25;270;248,25;38,3;3,33;3,08;2,9;541,85;538,06;546,45;1475,69;870,02;623,02;;282,6;42;282,6;18
19.11.2016;8232;;;;;;7924;;;;;;;21,3;90;20;10;18;2;;;;;2071,82;865,75;1966;328,75;68,75;38,7;3,29;2,99;2,92;529,1;525,55;534,24;1394,68;728,92;532,86;;467,7;41,3;467,7;0
20.11.2016;8167;;;;;;7892;;;;;;;21,3;90;20;10;18;2;;;;;2057,54;827,75;1973,75;315;21,75;33,7;3,28;3,16;2,95;529,47;526,02;534,76;1348,8;736,28;544,06;;465,8;43,5;465,8;0
21.11.2016;8277;;;;;;8030;36;4,7;0,022;7,27;1,14;21,4;21,3;90;20;10;18;2;;;;;2500,03;798,75;2088,25;281,75;278,5;26,6;3,12;3,12;2,92;538,71;534,82;543,31;1352,78;837,84;577,09;;466,9;42,6;466,9;25,6
22.11.2016;8107;994;;9,2;;;7944;;;;;;20,7;21,3;90;20;10;18;2;;;;;2179,87;772,75;2056,5;282,5;211,5;21,9;3,18;3,15;2,86;530,02;526,51;535,34;1371,58;826,01;580,27;;465,7;45,2;465,7;6,8
23.11.2016;7956;;;;;;7810;;;;;;20,65;21,3;90;20;10;18;2;;;;;2205,74;799,75;2018,5;265,75;315,25;23,6;3,26;3,06;2,9;529,02;525,63;534,52;1394,69;794,57;583,36;;467,7;43,4;467,7;23,1
24.11.2016;7884;;462;;80;61,6;7698;;;0,028;8,1;1,42;20,3;21,3;90;20;10;18;2;;;;;2791,06;829,5;2087,5;295,5;291,75;25,4;3,14;3,09;2,91;534,82;531,07;539,68;1369,15;812,45;584,75;;409,6;42,8;409,6;42,5
25.11.2016;8031;;;;;;7797;;;;;;21,3;21,3;90;20;10;18;2;;;;;2522,39;817;2103,75;382,25;184,25;24,8;3,43;3,14;2,9;528,62;525,28;534,21;1314,88;832,75;563,46;;467,8;46;467,8;14,5
26.11.2016;7806;;;;;;7628;;;;;;;21,3;90;20;10;18;2;;;;;2140,57;781,75;2114,5;384,25;36,25;21,3;3,37;3,05;3,03;528,88;525,63;534,46;1300,64;812,99;561,56;;465,8;49,5;465,8;0
27.11.2016;7718;;;;;;7476;;;;;;;21,3;90;20;10;18;2;;;;;1890,33;666,5;2041,5;312,75;34;24,2;3,23;3,14;2,89;527,23;523,8;532,61;1308,66;769,44;552,85;;190,7;50,8;190,7;0
28.11.2016;8167;;;;;;7859;43,1;;0,009;9,11;1,4;;22,1;90;20;10;18;2;;;;;2299,86;760,25;2090,25;475;206,75;22,4;3,33;3,24;2,99;528,97;525,73;534,47;1272,96;791;627,34;;320,5;45,9;320,5;46,3
29.11.2016;7875;949;;10,7;65;;7654;;;;;;21,8;22,1;90;20;10;18;2;;;;;2172,13;786,5;2014;533,75;326;17,5;3,37;3,36;3,15;527,4;524,13;532,85;1233,56;758,45;708;;467,8;40,8;467,8;13,5
30.11.2016;8385;;;;;;8247;;;;;;21,15;21,6;90;20;10;18;2;2.226,00;140.350,96;30.741,00;111.835,96;2251,31;821,75;2050,25;486,25;340,75;19,7;3,56;3,32;3,04;529,43;526,09;534,74;1154,49;786,92;722,94;;465,8;40,1;465,8;29,6
01.12.2016;8150;;406;;;53,6;8058;;6,5;0,001;8,69;1,27;21,8;21,6;90;20;10;18;2;;;;;2896,57;838,25;2018,5;284,25;311,5;21,7;3,51;3,35;3,09;529,88;526,34;534,98;1204,41;751,26;690,45;;463,6;39,2;463,6;50,1
02.12.2016;8936;;;;;;8617;;;;;;20,4;21,6;90;20;10;18;2;;;;;2438,7;831,32;2406,21;366,21;221,11;20;3,6;3,3;3,14;536,71;533,13;541,64;1560,5;887,75;787,9;;463,5;39,2;463,5;12,9
03.12.2016;7714;;;;;;7452;;;;;;;21,6;90;20;10;18;2;;;;;2034,99;824,75;2084,25;511,25;47,5;8,7;3,36;3,25;2,96;526,71;523,37;532,07;1366,36;740,08;656,08;;465,9;33,9;465,9;0
04.12.2016;7702;;;;;;7406;;;;;;;21,6;90;20;10;18;2;;;;;1879,29;771,75;2113;578;48;22,4;3,38;3,26;2,93;531,06;527,45;536,06;1411,85;755,19;682,85;;467,7;42,1;467,7;0
05.12.2016;7864;1024;;10,6;;;7547;37;;0,008;8,28;1,51;;21,6;90;20;10;18;2;;;;;2390,82;794;2028;608,25;50,25;40,3;3,32;3,16;2,98;527,8;524,64;533,44;1285,29;741,6;684,65;;439,1;49,3;439,1;33,2
06.12.2016;7953;;498;;;;7610;;8;;;;21,5;21,6;90;20;10;18;2;;;;;2422,83;764,25;1889,25;513;311,75;34;3,28;3,25;2,84;532,12;528,48;536,98;1214,39;616,21;635,7;;395,2;47,7;395,2;20,8
07.12.2016;8046;;;;71;60,5;7790;;;;;;18,45;21,6;90;20;10;18;2;;;;;3287,19;758,25;1942,25;465,5;364,25;27,2;3,63;3,32;3,09;529,03;525,67;534,36;1194,06;699,51;622,82;;283,2;45,1;283,2;56,4
08.12.2016;8032;;;;;;7772;;;0,002;7,01;1,36;21,55;21,6;90;20;10;18;2;;;;;3310,59;844,5;2070,5;319,25;343;18;3,73;3,41;3,05;535,97;532,33;541,03;1234,74;800,86;594,62;;479,7;45,1;479,7;27,7
09.12.2016;8009;;;;;;7730;;;;;;20,85;21,6;90;20;10;18;2;;;;;3259,17;830,25;2065;272,75;224,5;14;3,6;3,32;2,96;532,89;530,51;539,58;1290,92;826,1;595,89;;477,8;45,3;477,8;37,5
10.12.2016;7768;;;;;;7507;;;;;;;21,6;90;20;10;18;2;;;;;2410,18;715,5;2148,25;263,75;25,25;7,8;3,47;3,38;3,08;538,91;536,1;544,9;1415,58;838,16;649,66;;310,6;45,7;310,6;0
11.12.2016;11133;;;;;;10760;;;;;;;21,6;90;20;10;18;2;;;;;1836,93;638,5;2479,5;253,5;22;12,4;3,56;3,47;3,32;547,22;544,03;552,53;1601,86;973,9;749,06;;25,6;48,5;25,6;0
12.12.2016;9318;;;;;;8865;37,1;4,4;0,027;8,55;1,08;;21,6;90;20;10;18;2;;;;;2016,52;733;2101,25;294,5;159,5;21,8;3,77;3,51;3,3;536,97;534,14;542,9;1469,89;754,03;614,31;;320,4;49,8;320,4;4,4
13.12.2016;8196;1126;;10,8;81;;7835;;;;;;21,1;21,6;90;20;10;18;2;;;;;2427,69;822,25;2052,5;314,5;337,25;20;3,59;3,41;3,26;534,31;532,13;541,05;1458,76;642,21;655,68;;477,8;47;477,8;27,8
14.12.2016;10747;;;;;;10458;;;;;;19,85;21,8;90;20;10;18;2;;;;;2925,55;844;2338,25;282,75;330,25;17,3;3,72;3,32;3,13;545,81;542,19;550,57;1579,47;876,27;792,19;;479,7;46,7;479,7;26,9
15.12.2016;8319;;427;;;57,2;7990;;;0,005;6,57;0,69;;21,8;90;20;10;18;2;;;;;2853,4;837,5;2140,75;488,75;218,25;14,5;3,54;3,43;3,27;533,35;530,97;539,92;1428,43;767,35;646,29;;477,9;45,9;477,9;15,9
16.12.2016;8420;;;;;;8106;;;;;;;21,8;90;20;10;18;2;;;;;2663,56;804;2198,25;566,75;48;19,7;3,41;3,17;3,13;534,52;531,94;541,03;1360,65;814,15;718,45;;479,7;44,4;479,7;21,5
17.12.2016;8235;;;;;;7878;;;;;;;21,8;90;20;10;18;2;;;;;2133,83;749,5;2250,25;478;48;23,5;3,49;3,37;3,05;539,23;535,92;544,48;1487,3;840,88;779,31;;411,7;44,4;411,7;0
18.12.2016;8674;;;;;;8290;;;;;;;21,8;90;20;10;18;2;;;;;1820,01;701;2312;280,75;48;26,3;3,37;3,27;3,09;541,15;537,9;546,55;1584,33;810,84;778,31;;296;44,3;296;0
19.12.2016;8383;808;;9,1;;;7930;40,1;6,2;0,011;5,8;0,43;;21,9;90;20;10;18;2;;;;;1903,19;755,5;2255,75;340,5;186,5;37,8;3,44;3,39;2,97;543,95;540,67;549,18;1595,96;797,66;749,32;;477,9;45,7;477,9;15,4
20.12.2016;8301;;467;;;;7879;;;;;;21,52;21,9;90;20;10;18;2;;;;;2023,07;783;2067,5;607,75;290,75;31,8;3,58;3,46;2,84;537,02;534,72;543,67;1343,25;702,67;688,54;;479,8;48,4;479,8;12
21.12.2016;8282;;;;;;7995;;;;;;20,72;21,9;90;20;10;18;2;;;;;2056,76;799,5;2155,5;588;231,75;31,5;3,52;3,46;3,27;539,42;537,04;545,97;1268,89;822,17;758,09;;477,8;46,7;477,8;7,7
22.12.2016;8917;;;;70;48,3;8578;;;0,018;6,91;0,56;;21,9;90;20;10;18;2;;;;;2192,84;782,5;2260;471,75;172,75;30,6;3,49;3,47;3,41;545,06;542,18;551,01;1298,96;902,18;875,09;;479,8;44,4;479,8;19,7
23.12.2016;8552;;;;;;8186;;;;;;21,82;21,9;90;20;10;18;2;;;;;2081,09;773,25;2376,5;411,5;209,5;21,9;3,44;3,46;3,32;548,76;545,73;554,38;1441,27;931,26;904,76;;478;48,4;478;4,5
24.12.2016;7915;;;;;;7546;;;;;;;21,9;90;20;10;18;2;;;;;1948,93;766;2578;299,75;44,5;9,6;3,36;3,27;2,97;550,24;547,18;555,76;1622,83;966,89;923,54;;479,6;48,4;479,6;0
25.12.2016;7216;;;;;;6862;;;;;;;21,9;90;20;10;18;2;;;;;1837,49;729,25;2042,5;279,75;114,5;18,8;3,4;3,2;3,15;535,73;533,02;541,92;1259,76;784,26;745,42;;477,9;50,2;477,9;0
26.12.2016;7680;;;;;;7333;;;;;;;21,9;90;20;10;18;2;;;;;1660,77;704,5;2091,25;297,25;23,75;22,8;3,3;3,18;3,17;538,43;535,52;544,47;1241,29;811,38;769,39;;479,8;48,5;479,8;0
27.12.2016;8154;;;;;;7650;43;5,9;0,027;9,73;0,41;;21,9;90;20;10;18;2;;;;;1357,6;731,75;2090,75;304;95,25;31;3,32;3,17;3,02;536,22;533,59;542,63;1135,5;830,61;803,79;;477,9;45,8;477,9;5,4
28.12.2016;8329;1205;447;10,1;67;60,3;8033;;;;;;20,5;21,9;90;20;10;18;2;;;;;1892,52;745;2129,5;314,75;296,75;29;3,56;3,34;2,97;539,63;536,61;545,39;1207,65;855,19;803,66;;479,7;62,4;479,7;11,6
29.12.2016;7807;;;;;;7597;;;0,021;9,07;0,42;20,05;21,4;90;20;10;18;2;;;;;2129,88;769,5;2080,5;393,5;247;30,4;3,57;3,29;3,11;536,01;533,37;542,39;1129,65;838,59;789,47;;477,9;58,2;477,9;12,8
30.12.2016;7691;;;;;;7477;;;;;;;21,4;90;20;10;18;2;;;;;1988,02;740,75;2104;593,75;48;21,4;3,5;3,33;3,1;536,91;534,22;543,31;1126,54;833,13;834,59;;479,8;56;479,8;0
31.12.2016;7401;;;;;;6704;;;;;;;21,4;90;20;10;18;2;1.674,00;145.104,96;27.198,00;119.580,96;1981,27;864;1961,25;540,5;48;25,1;3,35;3,25;2,99;534,73;531,74;540,66;1062,92;752,17;751,59;;477,8;56;477,8;0
